-61.23456790123456,2.3839285714285716,61.280954802324835,exponential.png,0.0,0.0,0.0
-61.23456790123456,2.375,61.280608115870606,exponential.png,-inf,0.0,-90.0
-61.11111111111111,2.125,61.14804597233314,exponential.png,-2.0250000000000203,inf,-63.71858897868005
-61.11111111111111,2.1339285714285716,61.14835690664571,exponential.png,inf,inf,90.0
-61.11111111111111,2.178571428571429,61.14993110956017,exponential.png,inf,0.0,90.0
-61.11111111111111,2.1875,61.1502498562726,exponential.png,inf,0.0,90.0
-60.98765432098765,2.1875,61.02687224351486,exponential.png,0.0,-inf,0.0
-60.98765432098765,2.1339285714285716,61.02497546680574,exponential.png,-inf,-inf,-90.0
-60.98765432098765,2.178571428571429,61.026552852391,exponential.png,inf,inf,90.0
-60.98765432098765,2.142857142857143,61.025288334517334,exponential.png,-inf,-inf,-90.0
-60.864197530864196,2.232142857142857,60.90511475082162,exponential.png,0.7232142857142939,inf,35.874991352064335
-60.864197530864196,2.4285714285714284,60.91263005534836,exponential.png,inf,inf,90.0
-60.864197530864196,2.4375,60.91298668860406,exponential.png,inf,0.0,90.0
-60.864197530864196,2.267857142857143,60.90643411903593,exponential.png,-inf,-inf,-90.0
-60.864197530864196,2.455357142857143,60.91370387503156,exponential.png,inf,inf,90.0
-60.864197530864196,2.419642857142857,60.912274728762,exponential.png,-inf,-inf,-90.0
-60.864197530864196,2.2589285714285716,60.90610231632682,exponential.png,-inf,0.0,-90.0
-60.864197530864196,2.241071428571429,60.90544263219843,exponential.png,-inf,0.0,-90.0
-60.864197530864196,2.375,60.91051769666759,exponential.png,inf,inf,90.0
-60.864197530864196,2.357142857142857,60.909824031309064,exponential.png,-inf,-inf,-90.0
-60.864197530864196,2.1339285714285716,60.901594332365505,exponential.png,-inf,0.0,-90.0
-60.864197530864196,2.3125,60.90811273817352,exponential.png,inf,inf,90.0
-60.864197530864196,2.3035714285714284,60.90777440033896,exponential.png,-inf,-inf,-90.0
-60.864197530864196,2.3482142857142856,60.909479158893554,exponential.png,inf,inf,90.0
-60.864197530864196,2.3839285714285716,60.910866489565954,exponential.png,inf,0.0,90.0
-60.864197530864196,2.142857142857143,60.901907833915594,exponential.png,-inf,-inf,-90.0
-60.74074074074074,2.2767857142857144,60.783396901807464,exponential.png,1.0848214285714408,inf,47.32980673877348
-60.74074074074074,2.232142857142857,60.78174106973718,exponential.png,-inf,-inf,-90.0
-60.74074074074074,2.4107142857142856,60.788560840845946,exponential.png,inf,inf,90.0
-60.74074074074074,2.3839285714285716,60.78750448215122,exponential.png,-inf,-inf,-90.0
-60.74074074074074,2.419642857142857,60.78891557915805,exponential.png,inf,inf,90.0
-60.74074074074074,2.455357142857143,60.790347625530664,exponential.png,inf,0.0,90.0
-60.74074074074074,2.4464285714285716,60.789987650015064,exponential.png,-inf,-inf,-90.0
-60.74074074074074,2.1607142857142856,60.77915984906645,exponential.png,-inf,0.0,-90.0
-60.74074074074074,2.267857142857143,60.78306311592309,exponential.png,inf,inf,90.0
-60.74074074074074,2.3125,60.78474514204927,exponential.png,inf,0.0,90.0
-60.74074074074074,2.1517857142857144,60.7788430911126,exponential.png,-inf,-inf,-90.0
-60.61728395061728,2.419642857142857,60.66555682680153,exponential.png,2.1696428571427533,inf,65.2547710857261
-60.61728395061728,2.3125,60.66137790884545,exponential.png,-inf,-inf,-90.0
-60.61728395061728,2.1607142857142856,60.6557812559879,exponential.png,-inf,0.0,-90.0
-60.61728395061728,2.3392857142857144,60.66240492432545,exponential.png,inf,inf,90.0
-60.61728395061728,2.267857142857143,60.65969246188256,exponential.png,-inf,-inf,-90.0
-60.61728395061728,2.330357142857143,60.66206127360847,exponential.png,inf,inf,90.0
-60.61728395061728,2.1517857142857144,60.65546385372028,exponential.png,-inf,-inf,-90.0
-60.49382716049382,2.4375,60.542914785907854,exponential.png,2.3142857142857363,inf,66.63088683651813
-60.49382716049382,2.3214285714285716,60.53835276199663,exponential.png,-inf,-inf,-90.0
-60.49382716049382,2.232142857142857,60.53499472419564,exponential.png,-inf,0.0,-90.0
-60.49382716049382,2.2589285714285716,60.53598832772549,exponential.png,inf,inf,90.0
-60.49382716049382,2.4107142857142856,60.541842290196676,exponential.png,inf,0.0,90.0
-60.49382716049382,2.205357142857143,60.53401295677704,exponential.png,-inf,-inf,-90.0
-60.49382716049382,2.178571428571429,60.533043026045604,exponential.png,-inf,0.0,-90.0
-60.49382716049382,2.419642857142857,60.542198474120696,exponential.png,inf,inf,90.0
-60.49382716049382,2.4285714285714284,60.54255597269885,exponential.png,inf,0.0,90.0
-60.37037037037037,2.232142857142857,60.41162206389087,exponential.png,-1.5910714285714422,-inf,-57.85033884467227
-60.37037037037037,2.4285714285714284,60.419198752047066,exponential.png,inf,inf,90.0
-60.37037037037037,2.4464285714285716,60.41991916090913,exponential.png,inf,0.0,90.0
-60.37037037037037,2.330357142857143,60.41533069568483,exponential.png,-inf,-inf,-90.0
-60.37037037037037,2.3214285714285716,60.41498695909763,exponential.png,-inf,0.0,-90.0
-60.37037037037037,2.4375,60.41955829783674,exponential.png,inf,inf,90.0
-60.37037037037037,2.455357142857143,60.42028134124064,exponential.png,inf,0.0,90.0
-60.24691358024691,2.2232142857142856,60.28791983230093,exponential.png,-1.8803571428571622,-inf,-61.99533541019172
-60.24691358024691,2.4464285714285716,60.29656382167098,exponential.png,inf,inf,90.0
-60.24691358024691,2.3392857142857144,60.29231172876688,exponential.png,-inf,-inf,-90.0
-60.123456790123456,2.455357142857143,60.17357256381594,exponential.png,0.9401785714285792,inf,43.2339616028619
-60.123456790123456,2.4107142857142856,60.17176746416204,exponential.png,-inf,-inf,-90.0
-60.123456790123456,2.4464285714285716,60.17320889855339,exponential.png,inf,inf,90.0
-60.123456790123456,2.419642857142857,60.172125838713434,exponential.png,-inf,-inf,-90.0
-60.123456790123456,2.2232142857142856,60.1645471864789,exponential.png,-inf,0.0,-90.0
-60.123456790123456,2.3035714285714284,60.167570149710826,exponential.png,inf,inf,90.0
-60.123456790123456,2.3392857142857144,60.16894808825316,exponential.png,inf,0.0,90.0
-60.123456790123456,2.3125,60.1679126498821,exponential.png,-inf,-inf,-90.0
-60.123456790123456,2.3839285714285716,60.170700277024494,exponential.png,inf,inf,90.0
-60.0,2.2767857142857144,60.0431824039064,exponential.png,-0.867857142857152,-inf,-40.95331226656465
-60.0,2.232142857142857,60.041506158112774,exponential.png,-inf,-inf,-90.0
-60.0,2.1517857142857144,60.038572449386265,exponential.png,-inf,0.0,-90.0
-60.0,2.375,60.04698681033046,exponential.png,inf,inf,90.0
-60.0,2.4464285714285716,60.04985439412074,exponential.png,inf,0.0,90.0
-60.0,2.4107142857142856,60.04840999866147,exponential.png,-inf,-inf,-90.0
-60.0,2.4285714285714284,60.04912954559519,exponential.png,inf,inf,90.0
-60.0,2.4375,60.04949130717095,exponential.png,inf,0.0,90.0
-60.0,2.3839285714285716,60.047340619162085,exponential.png,-inf,-inf,-90.0
-60.0,2.3482142857142856,60.04593333716808,exponential.png,-inf,0.0,-90.0
-60.0,2.3125,60.044547264926564,exponential.png,-inf,0.0,-90.0
-60.0,2.3035714285714284,60.044204061062636,exponential.png,-inf,0.0,-90.0
-60.0,2.357142857142857,60.04628316931015,exponential.png,inf,inf,90.0
-60.0,2.1607142857142856,60.03889311291881,exponential.png,-inf,-inf,-90.0
-58.641975308641975,3.1517857142857144,58.72661254736349,exponential.png,0.7297889610389608,inf,36.121555267872736
-58.641975308641975,3.2142857142857144,58.730000006405895,exponential.png,inf,inf,90.0
-58.641975308641975,3.142857142857143,58.726134038601444,exponential.png,-inf,-inf,-90.0
-58.641975308641975,3.9017857142857144,58.77163601482929,exponential.png,inf,inf,90.0
-58.641975308641975,3.830357142857143,58.76693716658383,exponential.png,-inf,-inf,-90.0
-58.641975308641975,3.9107142857142856,58.77222944830207,exponential.png,inf,inf,90.0
-58.641975308641975,3.8392857142857144,58.767519795336725,exponential.png,-inf,-inf,-90.0
-58.641975308641975,3.2232142857142856,58.73048934268306,exponential.png,-inf,0.0,-90.0
-58.51851851851851,3.9017857142857144,58.648452165103194,exponential.png,5.496428571428312,inf,79.68860132364435
-58.51851851851851,3.8392857142857144,58.644327299391136,exponential.png,-inf,-inf,-90.0
-58.51851851851851,3.2142857142857144,58.606728643179316,exponential.png,-inf,0.0,-90.0
-58.51851851851851,1.7589285714285716,58.544947171567095,exponential.png,-inf,0.0,-90.0
-58.51851851851851,1.142857142857143,58.52967736158447,exponential.png,-inf,0.0,-90.0
-58.51851851851851,3.1517857142857144,58.6033340586606,exponential.png,inf,inf,90.0
-58.51851851851851,0.4553571428571428,58.5202901541828,exponential.png,-inf,-inf,-90.0
-58.51851851851851,1.080357142857143,58.52849033725641,exponential.png,inf,inf,90.0
-58.51851851851851,1.8392857142857144,58.54741652319912,exponential.png,inf,0.0,90.0
-58.51851851851851,1.8303571428571428,58.54713670942928,exponential.png,-inf,-inf,-90.0
-58.51851851851851,0.3928571428571428,58.519837203608894,exponential.png,-inf,0.0,-90.0
-58.51851851851851,2.5267857142857144,58.57304547014875,exponential.png,inf,inf,90.0
-58.51851851851851,2.4464285714285716,58.56963396127123,exponential.png,-inf,-inf,-90.0
-58.51851851851851,2.517857142857143,58.57266097928308,exponential.png,inf,inf,90.0
-58.395061728395056,1.1517857142857144,58.40641954952128,exponential.png,-11.06517857142868,-inf,-84.83600255484359
-58.395061728395056,0.4642857142857144,58.39690741372833,exponential.png,-inf,-inf,-90.0
-58.395061728395056,1.0714285714285716,58.40489015011279,exponential.png,inf,inf,90.0
-58.395061728395056,3.2232142857142856,58.483949461324016,exponential.png,inf,0.0,90.0
-58.395061728395056,3.9107142857142856,58.52586539716913,exponential.png,inf,0.0,90.0
-58.395061728395056,0.3839285714285716,58.396323817608824,exponential.png,-inf,-inf,-90.0
-58.395061728395056,3.142857142857143,58.4795757960288,exponential.png,inf,inf,90.0
-58.395061728395056,3.830357142857143,58.52055083562445,exponential.png,inf,0.0,90.0
-58.2716049382716,3.2232142857142856,58.36068070553694,exponential.png,-4.917857142857192,-inf,-78.50614590665911
-58.2716049382716,2.4464285714285716,58.32293678165651,exponential.png,-inf,-inf,-90.0
-58.2716049382716,3.9107142857142856,58.40268511212896,exponential.png,inf,inf,90.0
-58.2716049382716,2.517857142857143,58.325976602829684,exponential.png,-inf,-inf,-90.0
-58.2716049382716,1.8303571428571428,58.30034433305182,exponential.png,-inf,0.0,-90.0
-58.2716049382716,1.7589285714285716,58.29814552626342,exponential.png,-inf,0.0,-90.0
-58.148148148148145,3.2232142857142856,58.23741274636621,exponential.png,11.860714285714401,inf,85.18067868459549
-58.148148148148145,3.9107142857142856,58.27950599724979,exponential.png,inf,inf,90.0
-58.148148148148145,2.455357142857143,58.199964877635146,exponential.png,-inf,-inf,-90.0
-58.148148148148145,1.7767857142857144,58.17528771337082,exponential.png,-inf,0.0,-90.0
-58.148148148148145,1.8214285714285716,58.1766683052562,exponential.png,inf,inf,90.0
-58.148148148148145,1.7678571428571428,58.17501570207382,exponential.png,-inf,-inf,-90.0
-58.148148148148145,2.5089285714285716,58.20224957538596,exponential.png,inf,inf,90.0
-58.148148148148145,2.4642857142857144,58.20034224246982,exponential.png,-inf,-inf,-90.0
-58.02469135802469,3.205357142857143,58.11315790427578,exponential.png,6.002678571428629,inf,80.54182385155862
-58.02469135802469,3.196428571428571,58.112666113389345,exponential.png,-inf,-inf,-90.0
-58.02469135802469,3.1875,58.11217569016002,exponential.png,-inf,0.0,-90.0
-58.02469135802469,2.5267857142857144,58.07968193129111,exponential.png,-inf,0.0,-90.0
-58.02469135802469,2.4732142857142856,58.07737594018075,exponential.png,-inf,0.0,-90.0
-58.02469135802469,0.3839285714285716,58.02596150295128,exponential.png,-inf,0.0,-90.0
-58.02469135802469,1.8392857142857144,58.05383518022561,exponential.png,inf,inf,90.0
-58.02469135802469,1.0714285714285716,58.034582503690835,exponential.png,-inf,-inf,-90.0
-58.02469135802469,3.875,58.15393737481603,exponential.png,inf,inf,90.0
-58.02469135802469,3.892857142857143,58.15512998806484,exponential.png,inf,0.0,90.0
-58.02469135802469,1.7857142857142858,58.05216260144172,exponential.png,-inf,-inf,-90.0
-58.02469135802469,3.883928571428571,58.154532999087735,exponential.png,inf,inf,90.0
-57.901234567901234,1.142857142857143,57.912512352134236,exponential.png,-22.202678571428788,-inf,-87.4211632326675
-57.901234567901234,3.205357142857143,57.989889454114206,exponential.png,inf,inf,90.0
-57.901234567901234,3.830357142857143,58.027791620299986,exponential.png,inf,0.0,90.0
-57.901234567901234,3.892857142857143,58.031950692888266,exponential.png,inf,0.0,90.0
-57.901234567901234,0.4553571428571428,57.903025090358376,exponential.png,-inf,-inf,-90.0
-57.901234567901234,0.4642857142857144,57.90309599418334,exponential.png,inf,inf,90.0
-57.901234567901234,1.1517857142857144,57.9126892383591,exponential.png,inf,0.0,90.0
-57.901234567901234,3.142857142857143,57.986468382783315,exponential.png,inf,0.0,90.0
-57.901234567901234,2.4464285714285716,57.95289446819911,exponential.png,-inf,-inf,-90.0
-57.901234567901234,1.7589285714285716,57.927944847081434,exponential.png,-inf,0.0,-90.0
-57.77777777777777,1.7589285714285716,57.80454510380355,exponential.png,0.0,inf,0.0
-57.77777777777777,1.0892857142857144,57.788045029275885,exponential.png,-inf,-inf,-90.0
-57.77777777777777,0.4464285714285716,57.77950245032972,exponential.png,-inf,0.0,-90.0
-57.77777777777777,2.4464285714285716,57.829547963764796,exponential.png,inf,inf,90.0
-57.77777777777777,1.1339285714285714,57.78890377004372,exponential.png,-inf,-inf,-90.0
-57.77777777777777,0.4017857142857144,57.779174766506266,exponential.png,-inf,0.0,-90.0
-57.53086419753086,1.7678571428571428,57.558019894644474,exponential.png,5.53258928571434,inf,79.75456406091654
-57.53086419753086,1.7589285714285716,57.557746351243864,exponential.png,-inf,-inf,-90.0
-57.53086419753086,3.8392857142857144,57.65882803275364,exponential.png,inf,inf,90.0
-57.53086419753086,3.830357142857143,57.658234200819706,exponential.png,-inf,-inf,-90.0
-57.53086419753086,0.3928571428571428,57.53220552046855,exponential.png,-inf,0.0,-90.0
-57.53086419753086,0.3839285714285716,57.532145244747284,exponential.png,-inf,0.0,-90.0
-57.53086419753086,1.0714285714285716,57.540840231077716,exponential.png,inf,inf,90.0
-57.53086419753086,1.080357142857143,57.54100717636823,exponential.png,inf,0.0,90.0
-57.53086419753086,2.455357142857143,57.583236397529085,exponential.png,inf,0.0,90.0
-57.53086419753086,2.4464285714285716,57.58285637296782,exponential.png,-inf,-inf,-90.0
-57.53086419753086,3.1517857142857144,57.617133636649385,exponential.png,inf,inf,90.0
-57.53086419753086,3.142857142857143,57.61664591361724,exponential.png,-inf,-inf,-90.0
-57.407407407407405,3.830357142857143,57.53505071764421,exponential.png,5.568750000000056,inf,79.81969707080623
-57.407407407407405,3.8392857142857144,57.535645820968874,exponential.png,inf,inf,90.0
-57.407407407407405,1.7589285714285716,57.43434734511608,exponential.png,-inf,-inf,-90.0
-57.407407407407405,1.7678571428571428,57.43462147622813,exponential.png,inf,inf,90.0
-57.407407407407405,3.142857142857143,57.49337332476207,exponential.png,inf,0.0,90.0
-57.407407407407405,3.1517857142857144,57.493862093521166,exponential.png,inf,0.0,90.0
-57.407407407407405,2.4464285714285716,57.45951129269337,exponential.png,-inf,-inf,-90.0
-57.407407407407405,2.455357142857143,57.45989213302644,exponential.png,inf,inf,90.0
-57.407407407407405,1.080357142857143,57.41757219524504,exponential.png,-inf,-inf,-90.0
-57.407407407407405,1.0714285714285716,57.41740489105832,exponential.png,-inf,0.0,-90.0
-57.407407407407405,0.3839285714285716,57.408691209502535,exponential.png,-inf,0.0,-90.0
-57.407407407407405,0.3928571428571428,57.408751614843084,exponential.png,inf,inf,90.0
-57.03703703703703,0.4017857142857144,57.03845216802905,exponential.png,0.02410714285714315,-inf,1.3809700643653071
-57.03703703703703,0.4553571428571428,57.03885468776424,exponential.png,inf,inf,90.0
-57.03703703703703,3.830357142857143,57.16550734320628,exponential.png,inf,0.0,90.0
-57.03703703703703,2.455357142857143,57.089862258226844,exponential.png,-inf,-inf,-90.0
-57.03703703703703,2.5,57.09179970857754,exponential.png,inf,inf,90.0
-57.03703703703703,2.5267857142857144,57.09297890292862,exponential.png,inf,0.0,90.0
-57.03703703703703,2.4464285714285716,57.08947894944774,exponential.png,-inf,-inf,-90.0
-57.03703703703703,1.1160714285714286,57.047955348092955,exponential.png,-inf,0.0,-90.0
-57.03703703703703,1.080357142857143,57.0472678181914,exponential.png,-inf,0.0,-90.0
-57.03703703703703,1.0714285714285716,57.04709942799903,exponential.png,-inf,0.0,-90.0
-57.03703703703703,1.1517857142857144,57.04866522799606,exponential.png,inf,inf,90.0
-57.03703703703703,3.8392857142857144,57.166106293504484,exponential.png,inf,0.0,90.0
-57.03703703703703,1.8214285714285716,57.066112501248504,exponential.png,-inf,-inf,-90.0
-57.03703703703703,1.7767857142857144,57.06470504119709,exponential.png,-inf,0.0,-90.0
-57.03703703703703,3.2142857142857144,57.12753475004322,exponential.png,inf,inf,90.0
-57.03703703703703,3.1607142857142856,57.12454558909202,exponential.png,-inf,-inf,-90.0
-57.03703703703703,3.875,57.1685159765787,exponential.png,inf,inf,90.0
-57.03703703703703,3.9107142857142856,57.170947868553164,exponential.png,inf,0.0,90.0
-56.913580246913575,1.1160714285714286,56.92452223739383,exponential.png,-22.636607142857365,-inf,-87.47053297009376
-56.913580246913575,1.080357142857143,56.92383321665885,exponential.png,-inf,-inf,-90.0
-56.913580246913575,0.4642857142857144,56.91547397453843,exponential.png,-inf,0.0,-90.0
-56.913580246913575,2.517857142857143,56.969248030088195,exponential.png,inf,inf,90.0
-56.913580246913575,3.142857142857143,57.0002909426108,exponential.png,inf,0.0,90.0
-56.913580246913575,2.5089285714285716,56.9688541143176,exponential.png,-inf,-inf,-90.0
-56.913580246913575,0.3928571428571428,56.91493611747768,exponential.png,-inf,0.0,-90.0
-56.913580246913575,1.142857142857143,56.925053701958426,exponential.png,inf,inf,90.0
-56.913580246913575,1.1339285714285714,56.92487514722341,exponential.png,-inf,-inf,-90.0
-56.913580246913575,2.455357142857143,56.96651995006234,exponential.png,inf,inf,90.0
-56.913580246913575,0.3839285714285716,56.914875188037,exponential.png,-inf,-inf,-90.0
-56.913580246913575,3.9017857142857144,57.04716950280772,exponential.png,inf,inf,90.0
-56.913580246913575,2.4910714285714284,56.96807047271407,exponential.png,-inf,-inf,-90.0
-56.913580246913575,3.892857142857143,57.04655952164482,exponential.png,inf,inf,90.0
-56.913580246913575,3.2232142857142856,57.00477810546678,exponential.png,-inf,-inf,-90.0
-56.913580246913575,1.8303571428571428,56.9430050470844,exponential.png,-inf,0.0,-90.0
-56.913580246913575,3.1517857142857144,57.000783939439344,exponential.png,inf,inf,90.0
-56.913580246913575,3.8392857142857144,57.04292884589456,exponential.png,inf,0.0,90.0
-56.913580246913575,3.875,57.04534373217389,exponential.png,inf,0.0,90.0
-56.913580246913575,1.8392857142857144,56.94329274340084,exponential.png,-inf,-inf,-90.0
-56.913580246913575,1.7678571428571428,56.941030333138706,exponential.png,-inf,0.0,-90.0
-56.913580246913575,1.7589285714285716,56.94075382572011,exponential.png,-inf,0.0,-90.0
-56.79012345679012,3.830357142857143,56.91915106604542,exponential.png,16.778571428571592,inf,86.58921600638293
-56.79012345679012,2.4464285714285716,56.8427931667029,exponential.png,-inf,-inf,-90.0
-56.79012345679012,1.1517857142857144,56.801802194728786,exponential.png,-inf,0.0,-90.0
-56.79012345679012,1.0714285714285716,56.800229589510785,exponential.png,-inf,0.0,-90.0
-56.79012345679012,1.125,56.80126536651682,exponential.png,inf,inf,90.0
-56.79012345679012,2.5267857142857144,56.84630830830954,exponential.png,inf,0.0,90.0
-56.79012345679012,3.9107142857142856,56.92461513670473,exponential.png,inf,0.0,90.0
-56.79012345679012,3.883928571428571,56.92278123375054,exponential.png,-inf,-inf,-90.0
-56.79012345679012,2.5,56.84512399702778,exponential.png,-inf,0.0,-90.0
-56.666666666666664,1.0714285714285716,56.676794813175384,exponential.png,-11.571428571428685,inf,-85.06078445787385
-56.666666666666664,2.5,56.721786917472116,exponential.png,inf,inf,90.0
-56.666666666666664,2.4464285714285716,56.719451018730894,exponential.png,-inf,-inf,-90.0
-56.666666666666664,3.830357142857143,56.7959747425198,exponential.png,inf,inf,90.0
-56.666666666666664,3.883928571428571,56.79961278265082,exponential.png,inf,0.0,90.0
-56.666666666666664,1.125,56.67783284592937,exponential.png,-inf,-inf,-90.0
-56.54320987654321,3.883928571428571,56.67644558624661,exponential.png,22.34732142857165,inf,87.43783241713022
-56.54320987654321,3.830357142857143,56.67279963955063,exponential.png,-inf,-inf,-90.0
-56.54320987654321,1.125,56.55440043129105,exponential.png,-inf,0.0,-90.0
-56.54320987654321,2.5,56.598450359906614,exponential.png,inf,inf,90.0
-56.54320987654321,1.0714285714285716,56.553360132944235,exponential.png,-inf,-inf,-90.0
-56.41975308641975,0.3928571428571428,56.421120824273466,exponential.png,-5.496428571428628,inf,-79.68860132364492
-56.41975308641975,0.4642857142857144,56.421663388782335,exponential.png,inf,inf,90.0
-56.41975308641975,3.9107142857142856,56.55512553745293,exponential.png,inf,0.0,90.0
-56.41975308641975,0.4553571428571428,56.42159062327224,exponential.png,-inf,-inf,-90.0
-56.41975308641975,2.482142857142857,56.474326658189,exponential.png,inf,inf,90.0
-56.41975308641975,2.4642857142857144,56.47354462413533,exponential.png,-inf,-inf,-90.0
-56.41975308641975,0.3839285714285716,56.4210593615587,exponential.png,-inf,0.0,-90.0
-56.41975308641975,3.866071428571429,56.55205607777128,exponential.png,inf,inf,90.0
-56.41975308641975,3.2142857142857144,56.511239333301056,exponential.png,-inf,-inf,-90.0
-56.41975308641975,3.2232142857142856,56.511747881871464,exponential.png,inf,inf,90.0
-56.41975308641975,1.8392857142857144,56.449725511036334,exponential.png,-inf,-inf,-90.0
-56.41975308641975,1.7589285714285716,56.44716439336842,exponential.png,-inf,0.0,-90.0
-56.41975308641975,3.8482142857142856,56.55083811510972,exponential.png,inf,inf,90.0
-56.41975308641975,1.1517857142857144,56.4315084741158,exponential.png,-inf,-inf,-90.0
-56.41975308641975,1.1071428571428572,56.43061495003128,exponential.png,-inf,0.0,-90.0
-56.41975308641975,2.5267857142857144,56.47630639815683,exponential.png,inf,inf,90.0
-56.41975308641975,1.0892857142857144,56.43026742538013,exponential.png,-inf,-inf,-90.0
-56.41975308641975,3.1517857142857144,56.50771886672958,exponential.png,inf,inf,90.0
-56.41975308641975,2.4464285714285716,56.472768225824325,exponential.png,-inf,-inf,-90.0
-56.41975308641975,3.142857142857143,56.5072215681587,exponential.png,inf,inf,90.0
-56.29629629629629,3.1607142857142856,56.38495447791283,exponential.png,0.14464285714284975,-inf,8.230344805385474
-56.29629629629629,2.455357142857143,56.34981593030596,exponential.png,-inf,-inf,-90.0
-56.29629629629629,2.482142857142857,56.350989430919924,exponential.png,inf,inf,90.0
-56.29629629629629,1.1071428571428572,56.30718197518418,exponential.png,-inf,-inf,-90.0
-56.29629629629629,1.0892857142857144,56.30683368870719,exponential.png,-inf,0.0,-90.0
-56.29629629629629,3.8482142857142856,56.427668123617856,exponential.png,inf,inf,90.0
-56.29629629629629,0.4017857142857144,56.29773004696182,exponential.png,-inf,-inf,-90.0
-56.29629629629629,0.4464285714285716,56.29806635355935,exponential.png,inf,inf,90.0
-56.29629629629629,3.866071428571429,56.42888874478391,exponential.png,inf,0.0,90.0
-56.29629629629629,1.8303571428571428,56.32604356734806,exponential.png,-inf,-inf,-90.0
-56.29629629629629,1.7678571428571428,56.32404722281536,exponential.png,-inf,0.0,-90.0
-56.29629629629629,3.205357142857143,56.387474594041265,exponential.png,inf,inf,90.0
-55.432098765432094,3.866071428571429,55.56675338573808,exponential.png,0.7645408163265323,-inf,37.399388377581815
-55.432098765432094,3.1785714285714284,55.52315633919913,exponential.png,-inf,-inf,-90.0
-55.432098765432094,0.4196428571428572,55.433687173668766,exponential.png,-inf,0.0,-90.0
-55.432098765432094,1.1071428571428572,55.443154120655336,exponential.png,inf,inf,90.0
-55.432098765432094,2.4910714285714284,55.48804385093119,exponential.png,inf,0.0,90.0
-55.432098765432094,1.8035714285714286,55.461432035591876,exponential.png,-inf,-inf,-90.0
-54.938271604938265,0.4196428571428572,54.939874290587134,exponential.png,-2.8024553571428448,inf,-70.36207778275151
-54.938271604938265,3.1785714285714284,55.03014631331173,exponential.png,inf,inf,90.0
-54.938271604938265,1.8035714285714286,54.96786840360398,exponential.png,-inf,-inf,-90.0
-54.938271604938265,2.4910714285714284,54.99471905374379,exponential.png,inf,inf,90.0
-54.938271604938265,3.866071428571429,55.074133631213684,exponential.png,inf,0.0,90.0
-54.938271604938265,1.1071428571428572,54.94942631405799,exponential.png,-inf,-inf,-90.0
-54.81481481481481,0.41071428571428603,54.816353485131884,exponential.png,-5.6410714285714825,inf,-79.94753510342113
-54.81481481481481,0.2321428571428572,54.81530637959222,exponential.png,-inf,-inf,-90.0
-54.81481481481481,4.357142857142857,54.987713328160794,exponential.png,inf,inf,90.0
-54.81481481481481,3.8571428571428568,54.95035463218458,exponential.png,-inf,-inf,-90.0
-54.81481481481481,3.169642857142857,54.90637994827448,exponential.png,-inf,0.0,-90.0
-54.81481481481481,1.8125,54.84477258073408,exponential.png,-inf,0.0,-90.0
-54.81481481481481,2.5,54.87179533405519,exponential.png,inf,inf,90.0
-54.81481481481481,0.4285714285714288,54.81649018910121,exponential.png,-inf,-inf,-90.0
-54.81481481481481,3.1875,54.9074137019077,exponential.png,inf,inf,90.0
-54.81481481481481,1.1160714285714286,54.826175670167935,exponential.png,-inf,-inf,-90.0
-54.81481481481481,1.7946428571428572,54.84418534509502,exponential.png,inf,inf,90.0
-54.81481481481481,2.482142857142857,54.870984648953645,exponential.png,inf,0.0,90.0
-54.81481481481481,1.0982142857142858,54.825815067354796,exponential.png,-inf,-inf,-90.0
-54.81481481481481,3.875,54.95161096985639,exponential.png,inf,inf,90.0
-52.46913580246913,0.125,52.46928469931669,exponential.png,-1.5986842105263173,-inf,-57.97342752531113
-52.46913580246913,0.0625,52.46917302672063,exponential.png,-inf,-inf,-90.0
-52.34567901234568,0.13392857142857162,52.34585034294286,exponential.png,0.5785714285714358,inf,30.052447711190137
-52.34567901234568,0.2321428571428572,52.34619376391801,exponential.png,inf,inf,90.0
-52.34567901234568,0.053571428571428825,52.345706425278905,exponential.png,-inf,-inf,-90.0
-52.22222222222222,0.22321428571428603,52.22269926425201,exponential.png,1.374107142857157,inf,53.95492155786415
-52.22222222222222,0.1875,52.222558823531045,exponential.png,-inf,-inf,-90.0
-52.098765432098766,0.2321428571428572,52.09928262322785,exponential.png,0.36160714285714696,inf,19.880352364642853
-51.85185185185185,0.13392857142857162,51.85202481416359,exponential.png,-0.3977678571428491,-3.0754687499999265,-21.69107265711411
-51.85185185185185,0.053571428571428825,51.8518795258605,exponential.png,-inf,-inf,-90.0
-51.85185185185185,0.0625,51.851889519248886,exponential.png,inf,inf,90.0
-51.85185185185185,0.125,51.8520025212758,exponential.png,inf,0.0,90.0
-51.72839506172839,0.11607142857142883,51.728525285752895,exponential.png,-0.07232142857142723,-inf,-4.136510803337188
-51.72839506172839,0.07142857142857162,51.72844437737387,exponential.png,-inf,-inf,-90.0
-42.22222222222222,0.0625,42.22226848042057,exponential.png,-0.0009392393320964952,inf,-0.053814433857316796
-42.22222222222222,0.125,42.22240725471152,exponential.png,inf,inf,90.0
-42.22222222222222,0.053571428571428825,42.22225620784227,exponential.png,-inf,-inf,-90.0
-42.22222222222222,0.13392857142857162,42.22243463189872,exponential.png,inf,inf,90.0
-42.098765432098766,0.125,42.09895100720295,exponential.png,-0.07232142857143083,-inf,-4.136510803337393
-42.098765432098766,0.0625,42.0988118259515,exponential.png,-inf,-inf,-90.0
-41.9753086419753,0.13392857142857162,41.975522301114154,exponential.png,0.5785714285714025,inf,30.052447711188712
-41.9753086419753,0.053571428571428825,41.9753428275106,exponential.png,-inf,-inf,-90.0
-41.85185185185185,0.2321428571428572,41.852495669141135,exponential.png,1.4464285714285843,inf,55.341645294479136
-41.85185185185185,0.13392857142857162,41.85206614125042,exponential.png,-inf,-inf,-90.0
-41.72839506172839,0.1875,41.72881631052669,exponential.png,0.4339285714285742,inf,23.457399544914082
-41.72839506172839,0.22321428571428603,41.72899206840522,exponential.png,inf,inf,90.0
-41.72839506172839,0.13392857142857162,41.72860998511601,exponential.png,-inf,-inf,-90.0
-41.60493827160494,0.1071428571428572,41.605076230862664,exponential.png,-0.2169642857142889,inf,-12.241409370535422
-41.60493827160494,0.2321428571428572,41.60558590970904,exponential.png,inf,inf,90.0
-41.60493827160494,0.11607142857142883,41.605100182076086,exponential.png,-inf,-inf,-90.0
-41.60493827160494,0.09821428571428603,41.60505419573415,exponential.png,-inf,0.0,-90.0
-41.48148148148148,0.11607142857142883,41.48164387382715,exponential.png,0.14464285714285807,inf,8.230344805385943
-41.48148148148148,0.053571428571428825,41.4815160739871,exponential.png,-inf,-inf,-90.0
-40.123456790123456,4.544642857142858,40.380014406731995,exponential.png,3.307061688311687,inf,73.1755636748943
-40.123456790123456,4.4375,40.36809620280481,exponential.png,-inf,-inf,-90.0
-40.0,4.482142857142857,40.250336701595884,exponential.png,0.36160714285714335,inf,19.88035236464267
-40.0,4.508928571428571,40.25332827061937,exponential.png,inf,inf,90.0
-40.0,4.5267857142857135,40.255332428177276,exponential.png,inf,0.0,90.0
-40.0,4.455357142857142,40.24736273683542,exponential.png,-inf,-inf,-90.0
-39.876543209876544,4.535714285714286,40.13366918748875,exponential.png,0.6508928571428667,inf,33.05981558854479
-39.876543209876544,4.446428571428571,40.123676618799124,exponential.png,-inf,-inf,-90.0
-39.876543209876544,4.5,40.12964862005586,exponential.png,inf,inf,90.0
-39.75308641975308,4.5,40.00697289093936,exponential.png,0.0,-inf,0.0
-39.629629629629626,4.5,39.88430198187776,exponential.png,0.0,0.0,0.0
-39.50617283950617,4.491071428571429,39.76062644126053,exponential.png,-0.07232142857142723,-0.5858035714285664,-4.136510803337188
-39.25925925925926,4.446428571428571,39.51025391751551,exponential.png,-0.18080357142857528,-0.439352678571454,-10.248563795795794
-39.25925925925926,4.5,39.51631862390187,exponential.png,inf,inf,90.0
-39.25925925925926,4.491071428571429,39.515302860566116,exponential.png,-inf,-inf,-90.0
-39.25925925925926,4.535714285714286,39.52040158788074,exponential.png,inf,inf,90.0
-39.1358024691358,4.4375,39.38657691591408,exponential.png,-0.7955357142856754,-inf,-38.50350195395948
-39.1358024691358,4.544642857142858,39.398792032271686,exponential.png,inf,inf,90.0
-38.888888888888886,4.517857142857142,39.15043693467048,exponential.png,-0.10848214285714805,-inf,-6.191357286080621
-38.888888888888886,4.4375,39.14124532079103,exponential.png,-inf,-inf,-90.0
-38.76543209876543,4.4375,39.01858700739935,exponential.png,0.0,inf,0.0
-38.76543209876543,4.455357142857142,39.02062189502368,exponential.png,inf,inf,90.0
-38.76543209876543,4.446428571428571,39.01960344294659,exponential.png,-inf,-inf,-90.0
-38.641975308641975,4.455357142857142,38.89797505043295,exponential.png,0.07232142857142723,inf,4.136510803337188
-38.641975308641975,4.5,38.90311370255209,exponential.png,inf,inf,90.0
-38.641975308641975,4.491071428571429,38.90208192796661,exponential.png,-inf,-inf,-90.0
-38.641975308641975,4.508928571428571,38.904147498897096,exponential.png,inf,inf,90.0
-38.641975308641975,4.517857142857142,38.905183316840464,exponential.png,inf,0.0,90.0
-38.641975308641975,4.446428571428571,38.896953387052214,exponential.png,-inf,-inf,-90.0
-38.51851851851852,4.473214285714286,38.77738922242409,exponential.png,0.2169642857142889,inf,12.241409370535422
-38.51851851851852,4.482142857142857,38.77842020316571,exponential.png,inf,inf,90.0
-38.51851851851852,4.464285714285714,38.77636027014693,exponential.png,-inf,-inf,-90.0
-38.395061728395056,4.464285714285714,38.65372701391215,exponential.png,0.0,inf,0.0
-38.395061728395056,4.491071428571429,38.65682976789221,exponential.png,inf,inf,90.0
-38.2716049382716,4.464285714285714,38.531099017415926,exponential.png,-0.2169642857142889,-inf,-12.241409370535422
-38.2716049382716,4.491071428571429,38.53421164533752,exponential.png,inf,inf,90.0
-38.148148148148145,4.508928571428571,38.41369084057536,exponential.png,0.14464285714285446,-inf,8.230344805385739
-38.148148148148145,4.517857142857142,38.414739883231334,exponential.png,inf,inf,90.0
-38.148148148148145,4.4375,38.40537219430452,exponential.png,-inf,-inf,-90.0
-38.148148148148145,4.446428571428571,38.40640485874557,exponential.png,inf,inf,90.0
-38.02469135802469,4.517857142857142,38.29214261485381,exponential.png,0.5785714285714323,-inf,30.052447711189984
-38.02469135802469,4.508928571428571,38.29109021345935,exponential.png,-inf,-inf,-90.0
-37.901234567901234,4.4375,38.16012300846358,exponential.png,-0.5785714285714323,inf,-30.052447711189984
-37.654320987654316,4.517857142857142,37.92438426928735,exponential.png,0.32544642857142037,3.661272321428484,18.027293423146062
-37.654320987654316,4.401785714285714,37.91073207570376,exponential.png,-inf,-inf,-90.0
-37.654320987654316,4.410714285714286,37.91176980241767,exponential.png,inf,inf,90.0
-37.53086419753086,4.4375,37.79228987060064,exponential.png,0.2169642857142889,-inf,12.241409370535422
-37.53086419753086,4.508928571428571,37.800743435490105,exponential.png,inf,inf,90.0
-37.53086419753086,4.419642857142857,37.790197279164836,exponential.png,-inf,-inf,-90.0
-37.53086419753086,4.428571428571429,37.79124253463311,exponential.png,inf,inf,90.0
-37.407407407407405,4.401785714285714,37.66549941814456,exponential.png,-0.2169642857142889,-inf,-12.241409370535422
-37.407407407407405,4.419642857142857,37.66759047149754,exponential.png,inf,inf,90.0
-37.407407407407405,4.446428571428571,37.67074270550788,exponential.png,inf,0.0,90.0
-37.28395061728395,4.4375,37.54709549195607,exponential.png,-0.07232142857142723,-inf,-4.136510803337188
-36.913580246913575,4.517857142857142,37.1890231090922,exponential.png,0.21696428571428233,0.7810714285714087,12.241409370535063
-36.913580246913575,4.4375,37.17934659048392,exponential.png,-inf,-inf,-90.0
-36.666666666666664,4.455357142857142,36.93635948107031,exponential.png,0.07232142857142723,inf,4.136510803337188
-36.666666666666664,4.5,36.94177099767206,exponential.png,inf,inf,90.0
-36.2962962962963,4.508928571428571,36.57528621474857,exponential.png,0.02410714285714241,-inf,1.380970064365265
-36.2962962962963,4.446428571428571,36.56763393862595,exponential.png,-inf,-inf,-90.0
-36.172839506172835,4.517857142857142,36.45387978120578,exponential.png,0.578571428571399,inf,30.05244771118856
-36.172839506172835,4.4375,36.444008069768316,exponential.png,-inf,-inf,-90.0
-35.67901234567901,4.517857142857142,35.963911844046955,exponential.png,0.16272321428571487,inf,9.242346012315599
-35.67901234567901,4.4375,35.95390560444186,exponential.png,-inf,-inf,-90.0
-35.432098765432094,4.455357142857142,35.711116339226116,exponential.png,0.07232142857142515,inf,4.136510803337069
-35.432098765432094,4.5,35.716713495551836,exponential.png,inf,inf,90.0
-35.06172839506173,4.4375,35.34142334851665,exponential.png,-0.16875000000000168,-inf,-9.578422919460838
-35.06172839506173,4.517857142857142,35.35160295110171,exponential.png,inf,inf,90.0
-34.93827160493827,4.4375,35.218947017059385,exponential.png,-0.6508928571428595,-inf,-33.0598155885445
-34.93827160493827,4.491071428571429,35.22573697336887,exponential.png,inf,inf,90.0
-34.93827160493827,4.517857142857142,35.229162009671775,exponential.png,inf,0.0,90.0
-34.81481481481481,4.508928571428571,35.105580289351344,exponential.png,-0.07232142857142307,-inf,-4.13651080333695
-34.691358024691354,4.508928571428571,34.98314963606853,exponential.png,0.0,0.5858035714285327,0.0
-34.691358024691354,4.517857142857142,34.9843015474167,exponential.png,inf,inf,90.0
-34.44444444444444,4.508928571428571,34.73831011935763,exponential.png,-0.036160714285713616,-inf,-2.070953969374189
-34.32098765432099,4.4375,34.606669874722904,exponential.png,-0.5785714285714323,-4.393526785714364,-30.052447711189984
-34.32098765432099,4.517857142857142,34.61706554188727,exponential.png,inf,inf,90.0
-34.32098765432099,4.5,34.614739542109135,exponential.png,-inf,-inf,-90.0
-34.19753086419753,4.4375,34.4842358688393,exponential.png,-0.5062500000000051,inf,-26.850813293954758
-34.19753086419753,4.508928571428571,34.49350017133645,exponential.png,inf,inf,90.0
-33.82716049382716,4.491071428571429,34.12398730587725,exponential.png,-0.0482142857142839,-inf,-2.760337498482458
-33.82716049382716,4.464285714285714,34.12047235918513,exponential.png,-inf,-inf,-90.0
-33.7037037037037,4.508928571428571,34.00397153582645,exponential.png,0.36160714285714335,inf,19.88035236464267
-33.7037037037037,4.446428571428571,33.995740474180984,exponential.png,-inf,-inf,-90.0
-33.7037037037037,4.5,34.00278875838055,exponential.png,inf,inf,90.0
-33.7037037037037,4.464285714285714,33.99808068532437,exponential.png,-inf,-inf,-90.0
-33.7037037037037,4.473214285714286,33.99925424760033,exponential.png,inf,inf,90.0
-33.7037037037037,4.455357142857142,33.99690942743853,exponential.png,-inf,-inf,-90.0
-33.58024691358025,4.517857142857142,33.882798230669806,exponential.png,0.5062500000000051,inf,26.850813293954758
-33.58024691358025,4.4375,33.87217721120117,exponential.png,-inf,-inf,-90.0
-33.58024691358025,4.482142857142857,33.87805465738628,exponential.png,inf,inf,90.0
-33.45679012345679,4.446428571428571,33.75096342929861,exponential.png,-0.28928571428571614,-inf,-16.134401085558313
-33.08641975308642,4.517857142857142,33.39344554311059,exponential.png,0.1928571428571404,1.3017857142857006,10.915882431692939
-32.96296296296296,4.4375,33.260311687470214,exponential.png,-0.6508928571428595,-6.834375000000067,-33.0598155885445
-32.839506172839506,4.5,33.14638993428944,exponential.png,0.5062500000000051,9.372857142857296,26.850813293954758
-32.839506172839506,4.446428571428571,33.139159505285896,exponential.png,-inf,-inf,-90.0
-32.839506172839506,4.482142857142857,33.143970345566636,exponential.png,inf,inf,90.0
-32.46913580246913,4.4375,32.77096559470262,exponential.png,-0.12053571428571215,-inf,-6.873029938341347
-32.46913580246913,4.517857142857142,32.78194339758472,exponential.png,inf,inf,90.0
-32.34567901234568,4.517857142857142,32.65966907261868,exponential.png,0.0,-inf,0.0
-32.34567901234568,4.5,32.65720365814715,exponential.png,-inf,-inf,-90.0
-32.34567901234568,4.4375,32.648650156165715,exponential.png,-inf,0.0,-90.0
-32.22222222222222,4.508928571428571,32.53616513666779,exponential.png,0.5785714285714323,inf,30.052447711189984
-32.098765432098766,4.517857142857142,32.415147314614565,exponential.png,0.07232142857142723,-4.100625000000082,4.136510803337188
-31.85185185185185,4.508928571428571,32.16940943279132,exponential.png,-0.036160714285713096,-0.4393526785714164,-2.0709539693741594
-31.728395061728392,4.5,32.04592100709716,exponential.png,-0.07232142857142515,-0.2929017857142621,-4.136510803337069
-31.728395061728392,4.508928571428571,32.04717600749488,exponential.png,inf,inf,90.0
-31.728395061728392,0.0803571428571428,31.728496820106667,exponential.png,-inf,-inf,-90.0
-31.728395061728392,4.517857142857142,32.048433446213494,exponential.png,inf,inf,90.0
-31.728395061728392,4.4375,32.037204301298054,exponential.png,-inf,-inf,-90.0
-31.604938271604937,0.08928571428571441,31.605064389915963,exponential.png,-35.220535714286065,inf,-88.37366497304498
-31.604938271604937,0.09821428571428603,31.605090874697336,exponential.png,inf,inf,90.0
-31.604938271604937,4.4375,31.914942102437823,exponential.png,inf,0.0,90.0
-31.604938271604937,4.5,31.923692191724292,exponential.png,inf,0.0,90.0
-31.48148148148148,0.2321428571428572,31.482337374708756,exponential.png,-34.569642857143194,-inf,-88.34306051446616
-31.358024691358022,0.22321428571428603,31.35881912893351,exponential.png,-0.07232142857142515,279.42830357142606,-4.136510803337069
-31.358024691358022,0.1875,31.35858524860169,exponential.png,-inf,-inf,-90.0
-31.358024691358022,4.517857142857142,31.681804647259042,exponential.png,inf,inf,90.0
-31.234567901234566,4.517857142857142,31.559614464376747,exponential.png,0.0,-inf,0.0
-31.234567901234566,0.2321428571428572,31.23543056023008,exponential.png,-inf,-inf,-90.0
-31.234567901234566,0.13392857142857162,31.23485503150411,exponential.png,-inf,0.0,-90.0
-31.234567901234566,0.0803571428571428,31.234671268435672,exponential.png,-inf,0.0,-90.0
-31.234567901234566,4.535714285714286,31.562175718072183,exponential.png,inf,inf,90.0
-31.234567901234566,0.125,31.23481802375088,exponential.png,-inf,-inf,-90.0
-31.11111111111111,0.053571428571428825,31.111157234436977,exponential.png,-0.5785714285714323,inf,-30.052447711189984
-31.11111111111111,4.455357142857142,31.428513198023055,exponential.png,inf,inf,90.0
-31.11111111111111,4.5,31.434872905229014,exponential.png,inf,0.0,90.0
-31.11111111111111,4.4375,31.425986711922047,exponential.png,-inf,-inf,-90.0
-31.11111111111111,4.5267857142857135,31.438718540534733,exponential.png,inf,inf,90.0
-31.11111111111111,4.544642857142858,31.441294713590928,exponential.png,inf,0.0,90.0
-31.11111111111111,0.07142857142857162,31.1111931080876,exponential.png,-inf,-inf,-90.0
-30.98765432098765,0.08928571428571441,30.9877829516053,exponential.png,0.1446428571428539,inf,8.230344805385709
-30.98765432098765,0.13392857142857162,30.987943739126507,exponential.png,inf,inf,90.0
-30.98765432098765,4.517857142857142,31.315263905646557,exponential.png,inf,0.0,90.0
-30.98765432098765,0.053571428571428825,30.987700628071515,exponential.png,-inf,-inf,-90.0
-30.98765432098765,0.07142857142857162,30.98773664464446,exponential.png,inf,inf,90.0
-30.98765432098765,4.446428571428571,31.305038689607795,exponential.png,inf,0.0,90.0
-30.98765432098765,4.508928571428571,31.313977025910802,exponential.png,inf,0.0,90.0
-30.864197530864196,0.0803571428571428,30.864302138467536,exponential.png,-35.87142857142893,-inf,-88.40315966453912
-30.74074074074074,4.517857142857142,31.070953870982184,exponential.png,35.94375000000036,581.702946428583,88.40637096446977
-30.74074074074074,4.508928571428571,31.06965687212658,exponential.png,-inf,-inf,-90.0
-30.74074074074074,4.446428571428571,31.060648227785812,exponential.png,-inf,0.0,-90.0
-30.61728395061728,4.4375,30.937186083461544,exponential.png,-0.07232142857142515,inf,-4.136510803337069
-30.37037037037037,4.553571428571429,30.70984222018362,exponential.png,0.4700892857142914,2.196763392857174,25.17771448174372
-30.37037037037037,4.517857142857142,30.704566917589567,exponential.png,-inf,-inf,-90.0
-30.37037037037037,4.4375,30.692846115723295,exponential.png,-inf,0.0,-90.0
-30.37037037037037,4.544642857142858,30.708519585490443,exponential.png,inf,inf,90.0
-30.24691358024691,4.4375,30.570691640539064,exponential.png,-0.8678571428571307,-inf,-40.95331226656395
-30.24691358024691,4.517857142857142,30.58245925844078,exponential.png,inf,inf,90.0
-30.24691358024691,4.544642857142858,30.58642770625404,exponential.png,inf,0.0,90.0
-30.24691358024691,4.553571428571429,30.58775562028092,exponential.png,inf,0.0,90.0
-29.87654320987654,4.446428571428571,30.20560479799132,exponential.png,-0.28928571428571576,-inf,-16.13440108555829
-29.87654320987654,4.473214285714286,30.209559417799166,exponential.png,inf,inf,90.0
-29.753086419753085,4.508928571428571,30.092799609932282,exponential.png,0.28928571428571614,-inf,16.134401085558313
-29.753086419753085,4.517857142857142,30.094138709465682,exponential.png,inf,inf,90.0
-29.753086419753085,4.482142857142857,30.088797850581074,exponential.png,-inf,-inf,-90.0
-29.753086419753085,4.4375,30.08218006979041,exponential.png,-inf,0.0,-90.0
-29.382716049382715,4.4375,29.715911708858144,exponential.png,0.0,inf,0.0
-29.259259259259256,4.446428571428571,29.595185071922845,exponential.png,0.07232142857142515,0.5858035714285327,4.136510803337069
-29.259259259259256,4.482142857142857,29.60057190313027,exponential.png,inf,inf,90.0
-29.259259259259256,4.508928571428571,29.604639657708947,exponential.png,inf,0.0,90.0
-29.259259259259256,4.517857142857142,29.6060008370569,exponential.png,inf,0.0,90.0
-29.1358024691358,4.5,29.4812649918639,exponential.png,-0.14464285714285446,-inf,-8.230344805385739
-29.1358024691358,4.491071428571429,29.479903461460495,exponential.png,-inf,-inf,-90.0
-29.1358024691358,4.4375,29.471789761914696,exponential.png,-inf,0.0,-90.0
-29.012345679012345,4.4375,29.34974630296668,exponential.png,0.0,inf,0.0
-29.012345679012345,4.5,29.359260920508646,exponential.png,inf,inf,90.0
-28.641975308641975,-0.11607142857142838,28.64221049705115,exponential.png,-12.463392857142862,-inf,-85.41270159551618
-28.518518518518515,4.553571428571429,28.879766467999453,exponential.png,37.824107142856434,407.32874999998666,88.48555749318768
-28.518518518518515,-0.03571428571428559,28.51854088135099,exponential.png,-inf,-inf,-90.0
-28.518518518518515,4.4375,28.861692686692574,exponential.png,inf,inf,90.0
-28.39506172839506,-0.11607142857142838,28.395298961903826,exponential.png,-36.88392857142894,-inf,-88.4469727272678
-28.39506172839506,4.4375,28.739710103085,exponential.png,inf,inf,90.0
-28.39506172839506,-0.044642857142857206,28.395096822234287,exponential.png,-inf,-inf,-90.0
-28.39506172839506,4.553571428571429,28.757860548282583,exponential.png,inf,inf,90.0
-28.39506172839506,-0.1071428571428572,28.395263868314423,exponential.png,-inf,-inf,-90.0
-28.39506172839506,-0.05357142857142838,28.395112263509805,exponential.png,inf,inf,90.0
-28.39506172839506,-0.03571428571428559,28.39508418845716,exponential.png,inf,0.0,90.0
-28.271604938271604,-0.0803571428571428,28.27171913867481,exponential.png,-0.36160714285714696,-inf,-19.880352364642853
-28.271604938271604,-0.05357142857142838,28.271655694063313,exponential.png,inf,inf,90.0
-28.271604938271604,-0.09821428571428559,28.271775533765503,exponential.png,-inf,-inf,-90.0
-28.271604938271604,-0.044642857142857206,28.271640185358848,exponential.png,inf,inf,90.0
-28.271604938271604,-0.08928571428571397,28.271745926356918,exponential.png,-inf,-inf,-90.0
-28.148148148148145,-0.0625,28.14821753539815,exponential.png,0.21696428571427906,inf,12.241409370534884
-28.148148148148145,-0.07142857142857117,28.148238776358856,exponential.png,-inf,-inf,-90.0
-28.148148148148145,-0.0803571428571428,28.148262849428278,exponential.png,-inf,0.0,-90.0
-28.02469135802469,-0.0803571428571428,28.02480656459473,exponential.png,0.0,inf,0.0
-28.02469135802469,-0.07142857142857117,28.024782385477323,exponential.png,inf,inf,90.0
-28.02469135802469,-0.0625,28.02476105094464,exponential.png,inf,0.0,90.0
-27.901234567901234,-0.05357142857142838,27.901285997441157,exponential.png,0.07232142857143083,-inf,4.136510803337393
-27.901234567901234,-0.044642857142857206,27.90127028286957,exponential.png,inf,inf,90.0
-27.901234567901234,-0.09821428571428559,27.90140742792315,exponential.png,-inf,-inf,-90.0
-27.901234567901234,-0.0625,27.901304569196164,exponential.png,inf,inf,90.0
-27.901234567901234,-0.1071428571428572,27.901440285492136,exponential.png,-inf,-inf,-90.0
-27.777777777777775,-0.03571428571428559,27.77780073695196,exponential.png,0.5785714285714192,inf,30.052447711189426
-27.777777777777775,-0.1071428571428572,27.777984409662295,exponential.png,-inf,-inf,-90.0
-27.777777777777775,-0.09821428571428559,27.77795140606166,exponential.png,inf,inf,90.0
-27.777777777777775,-0.11607142857142838,27.778020283096765,exponential.png,-inf,-inf,-90.0
-27.65432098765432,-0.11607142857142838,27.654564575576828,exponential.png,0.0,inf,0.0
-27.65432098765432,-0.03571428571428559,27.654344049324735,exponential.png,inf,inf,90.0
-27.65432098765432,-0.0803571428571428,27.654437737163025,exponential.png,-inf,-inf,-90.0
-27.28395061728395,-0.0803571428571428,27.284068951620785,exponential.png,0.0,inf,0.0
-27.28395061728395,4.4375,27.64245588829598,exponential.png,inf,inf,90.0
-27.28395061728395,4.544642857142858,27.659857916941093,exponential.png,inf,0.0,90.0
-27.160493827160494,4.535714285714286,27.536614334679125,exponential.png,-0.07232142857143443,-inf,-4.136510803337599
-27.160493827160494,4.508928571428571,27.53221498168043,exponential.png,-inf,-inf,-90.0
-27.160493827160494,4.4375,27.520607391284504,exponential.png,-inf,0.0,-90.0
-27.160493827160494,4.491071428571429,27.52929616811432,exponential.png,inf,inf,90.0
-27.037037037037035,4.5,27.408965170945663,exponential.png,0.07232142857142515,-inf,4.136510803337069
-27.037037037037035,-0.1071428571428572,27.03724933002522,exponential.png,-inf,-inf,-90.0
-27.037037037037035,4.544642857142858,27.416329995845395,exponential.png,inf,inf,90.0
-27.037037037037035,-0.09821428571428559,27.03721542222924,exponential.png,-inf,-inf,-90.0
-26.91358024691358,-0.05357142857142838,26.913633563772393,exponential.png,0.36160714285714696,inf,19.880352364642853
-26.91358024691358,-0.0803571428571428,26.913700209697385,exponential.png,-inf,-inf,-90.0
-26.91358024691358,-0.0625,26.913652817056565,exponential.png,inf,inf,90.0
-26.91358024691358,4.535714285714286,27.2931036305637,exponential.png,inf,0.0,90.0
-26.91358024691358,-0.11607142857142838,26.913830539029323,exponential.png,-inf,-inf,-90.0
-26.91358024691358,-0.08928571428571397,26.913728349038383,exponential.png,inf,inf,90.0
-26.790123456790123,-0.05357142857142838,26.79017701934826,exponential.png,0.28928571428571614,-inf,16.134401085558313
-26.790123456790123,4.5,27.165432351244778,exponential.png,inf,inf,90.0
-26.666666666666664,4.5,27.043688933115448,exponential.png,0.0,-inf,0.0
-26.666666666666664,4.491071428571429,27.04220467505639,exponential.png,-inf,-inf,-90.0
-26.54320987654321,4.535714285714286,26.927953777289755,exponential.png,0.36160714285714335,inf,19.88035236464267
-26.54320987654321,-0.0803571428571428,26.543331513218703,exponential.png,-inf,-inf,-90.0
-26.54320987654321,-0.05357142857142838,26.543263937356688,exponential.png,inf,inf,90.0
-26.54320987654321,4.544642857142858,26.929459133989315,exponential.png,inf,0.0,90.0
-26.419753086419753,-0.05357142857142838,26.41980739985334,exponential.png,-37.24553571428609,-inf,-88.46204338494456
-26.419753086419753,-0.0625,26.41982701301025,exponential.png,-inf,-inf,-90.0
-26.419753086419753,-0.07142857142857117,26.419849643557825,exponential.png,-inf,0.0,-90.0
-26.296296296296294,4.455357142857142,26.671059337285694,exponential.png,36.66696428571359,inf,88.43778775716808
-26.296296296296294,4.517857142857142,26.68157101944845,exponential.png,inf,inf,90.0
-26.296296296296294,-0.0625,26.296370569959006,exponential.png,-inf,-inf,-90.0
-26.296296296296294,-0.11607142857142838,26.296552463757237,exponential.png,-inf,0.0,-90.0
-26.17283950617284,4.517857142857142,26.55990513874526,exponential.png,37.5348214285718,inf,88.4738909879266
-26.17283950617284,4.446428571428571,26.547848403527883,exponential.png,-inf,-inf,-90.0
-26.17283950617284,4.4375,26.546354440221762,exponential.png,-inf,0.0,-90.0
-26.17283950617284,4.455357142857142,26.54934528545459,exponential.png,inf,inf,90.0
-26.049382716049383,4.446428571428571,26.42614362573602,exponential.png,-0.07232142857142723,-inf,-4.136510803337188
-25.925925925925924,-0.1071428571428572,25.926147317108935,exponential.png,-36.88392857142788,-298.1740178571317,-88.44697272726775
-25.925925925925924,-0.05357142857142838,25.925981273898916,exponential.png,inf,inf,90.0
-25.925925925925924,-0.11607142857142838,25.92618575288561,exponential.png,-inf,-inf,-90.0
-25.80246913580247,4.4375,26.181268490163706,exponential.png,36.88392857142894,inf,88.4469727272678
-25.80246913580247,-0.1071428571428572,25.802691586264324,exponential.png,-inf,-inf,-90.0
-25.80246913580247,-0.07142857142857117,25.80256800291117,exponential.png,inf,inf,90.0
-25.80246913580247,-0.05357142857142838,25.802524748597726,exponential.png,inf,0.0,90.0
-25.80246913580247,-0.0625,25.802544830966557,exponential.png,-inf,-inf,-90.0
-25.80246913580247,-0.11607142857142838,25.802730205940797,exponential.png,-inf,0.0,-90.0
-25.679012345679013,-0.08928571428571397,25.679167568056226,exponential.png,0.2169642857142889,inf,12.241409370535422
-25.679012345679013,-0.0803571428571428,25.679138075876754,exponential.png,inf,inf,90.0
-25.679012345679013,4.446428571428571,26.061128181457367,exponential.png,inf,0.0,90.0
-25.555555555555554,-0.07142857142857117,25.555655377898308,exponential.png,-36.59464285714216,-inf,-88.43470191564893
-25.555555555555554,4.4375,25.937961099575393,exponential.png,inf,inf,90.0
-25.555555555555554,4.517857142857142,25.95182947147179,exponential.png,inf,0.0,90.0
-25.555555555555554,-0.08928571428571397,25.55571152779476,exponential.png,-inf,-inf,-90.0
-25.555555555555554,4.455357142857142,25.94102208902908,exponential.png,inf,inf,90.0
-25.432098765432098,-0.1071428571428572,25.432324455435243,exponential.png,-36.95625000000037,-inf,-88.4500104355585
-25.432098765432098,4.4375,25.816333083238078,exponential.png,inf,inf,90.0
-25.432098765432098,4.517857142857142,25.830266757777746,exponential.png,inf,0.0,90.0
-25.432098765432098,-0.09821428571428559,25.432288407860806,exponential.png,-inf,-inf,-90.0
-25.432098765432098,-0.07142857142857117,25.432199072347423,exponential.png,inf,inf,90.0
-25.30864197530864,-0.11607142857142838,25.30890813944539,exponential.png,-0.3616071428571366,-inf,-19.880352364642327
-25.30864197530864,-0.05357142857142838,25.308698673229202,exponential.png,inf,inf,90.0
-25.185185185185183,-0.11607142857142838,25.18545265403427,exponential.png,-0.5062500000000051,-inf,-26.850813293954758
-25.185185185185183,-0.05357142857142838,25.1852421610361,exponential.png,inf,inf,90.0
-24.93827160493827,-0.02678571428571397,24.938285989942454,exponential.png,0.10848214285714289,-inf,6.191357286080329
-24.93827160493827,-0.11607142857142838,24.938541721965237,exponential.png,-inf,-inf,-90.0
-24.93827160493827,-0.05357142857142838,24.938329144905225,exponential.png,inf,inf,90.0
-24.93827160493827,4.4375,25.32999796469929,exponential.png,inf,0.0,90.0
-24.93827160493827,4.517857142857142,25.34419901683491,exponential.png,inf,0.0,90.0
-24.814814814814813,4.5,25.219536758107843,exponential.png,-0.14464285714285446,-inf,-8.230344805385739
-24.814814814814813,-0.05357142857142838,24.8148726410496,exponential.png,-inf,-inf,-90.0
-24.814814814814813,-0.02678571428571397,24.81482927138614,exponential.png,inf,inf,90.0
-24.814814814814813,-0.0625,24.814893522712378,exponential.png,-inf,-inf,-90.0
-24.814814814814813,-0.1071428571428572,24.815046118945446,exponential.png,-inf,0.0,-90.0
-24.814814814814813,-0.11607142857142838,24.815086275692924,exponential.png,-inf,0.0,-90.0
-24.814814814814813,4.4375,25.208459701924525,exponential.png,inf,inf,90.0
-24.691358024691358,4.508928571428571,25.099673264123087,exponential.png,0.5785714285714323,-inf,30.052447711189984
-24.444444444444443,-0.1071428571428572,24.444679253149705,exponential.png,-18.695089285714204,-78.05832589285649,-86.93816767727415
-24.444444444444443,-0.0803571428571428,24.444576524618686,exponential.png,inf,inf,90.0
-24.444444444444443,-0.0625,24.44452434488204,exponential.png,inf,0.0,90.0
-24.444444444444443,-0.11607142857142838,24.44472001832014,exponential.png,-inf,-inf,-90.0
-24.320987654320987,-0.05357142857142838,24.3210466546897,exponential.png,0.5062500000000051,inf,26.850813293954758
-24.320987654320987,-0.0803571428571428,24.321120404949315,exponential.png,-inf,-inf,-90.0
-24.320987654320987,4.508928571428571,24.735417468558698,exponential.png,inf,inf,90.0
-24.320987654320987,4.517857142857142,24.737046582906764,exponential.png,inf,0.0,90.0
-24.320987654320987,-0.1071428571428572,24.32122365493707,exponential.png,-inf,-inf,-90.0
-24.320987654320987,-0.07142857142857117,24.321092543766415,exponential.png,inf,inf,90.0
-24.320987654320987,-0.0625,24.32106796034323,exponential.png,inf,0.0,90.0
-24.197530864197528,4.5,24.61240540710704,exponential.png,36.9562499999993,-inf,88.45001043555847
-24.197530864197528,4.508928571428571,24.614039424402424,exponential.png,inf,inf,90.0
-24.197530864197528,4.4375,24.601054980910714,exponential.png,-inf,-inf,-90.0
-24.197530864197528,-0.0803571428571428,24.197664292121257,exponential.png,-inf,0.0,-90.0
-24.197530864197528,-0.05357142857142838,24.197590165587794,exponential.png,inf,inf,90.0
-24.197530864197528,-0.11607142857142838,24.19780925001936,exponential.png,-inf,-inf,-90.0
-24.197530864197528,-0.08928571428571397,24.197695589922763,exponential.png,inf,inf,90.0
-24.074074074074073,4.491071428571429,24.48940107680333,exponential.png,37.10089285714322,-inf,88.45605034926477
-24.074074074074073,-0.0803571428571428,24.074208186239762,exponential.png,-inf,-inf,-90.0
-24.074074074074073,-0.08928571428571397,24.07423964454082,exponential.png,-inf,0.0,-90.0
-24.074074074074073,-0.11607142857142838,24.074353887498955,exponential.png,-inf,0.0,-90.0
-24.074074074074073,-0.05357142857142838,24.074133679573283,exponential.png,inf,inf,90.0
-24.074074074074073,4.4375,24.479633346396458,exponential.png,inf,0.0,90.0
-23.950617283950617,-0.11607142857142838,23.950898539695846,exponential.png,-36.88392857142894,-inf,-88.4469727272678
-23.950617283950617,-0.0625,23.950698831814368,exponential.png,inf,inf,90.0
-23.950617283950617,-0.09821428571428559,23.95081865674308,exponential.png,-inf,-inf,-90.0
-23.950617283950617,-0.1071428571428572,23.95085693402453,exponential.png,-inf,0.0,-90.0
-23.950617283950617,-0.08928571428571397,23.950783707867465,exponential.png,inf,inf,90.0
-23.827160493827158,-0.08928571428571397,23.827327780038054,exponential.png,0.0,-inf,0.0
-23.827160493827158,-0.1071428571428572,23.827401385598776,exponential.png,-inf,-inf,-90.0
-23.827160493827158,-0.05357142857142838,23.82722071699838,exponential.png,inf,inf,90.0
-23.827160493827158,-0.0625,23.82724246421725,exponential.png,-inf,-inf,-90.0
-23.703703703703702,4.455357142857142,24.1187847236005,exponential.png,36.594642857143214,inf,88.43470191564897
-23.703703703703702,4.5,24.12707129497852,exponential.png,inf,inf,90.0
-23.580246913580247,4.455357142857142,23.99746344461887,exponential.png,-0.36160714285715057,-inf,-19.880352364643034
-23.580246913580247,4.5,24.005791894986736,exponential.png,inf,inf,90.0
-23.456790123456788,4.4375,23.872838313570927,exponential.png,-0.5062499999999904,-inf,-26.85081329395409
-23.456790123456788,4.508928571428571,23.88621861572369,exponential.png,inf,inf,90.0
-23.456790123456788,4.517857142857142,23.887905644052708,exponential.png,inf,0.0,90.0
-23.456790123456788,4.446428571428571,23.874499574582003,exponential.png,-inf,-inf,-90.0
-22.962962962962962,4.508928571428571,23.401455187672703,exponential.png,0.12656250000000036,inf,7.213146684340014
-22.962962962962962,4.517857142857142,23.40317716041294,exponential.png,inf,inf,90.0
-22.962962962962962,4.446428571428571,23.389493262557547,exponential.png,-inf,-inf,-90.0
-22.962962962962962,4.4375,23.387797551039487,exponential.png,-inf,0.0,-90.0
-22.716049382716047,4.517857142857142,23.160957076970274,exponential.png,0.3254464285714251,inf,18.027293423146308
-22.59259259259259,4.544642857142858,23.045151740742547,exponential.png,0.2169642857142961,-0.8787053571427536,12.241409370535816
-22.59259259259259,4.5267857142857135,23.041636855005134,exponential.png,-inf,-inf,-90.0
-22.59259259259259,4.508928571428571,23.03813527430366,exponential.png,-inf,0.0,-90.0
-22.59259259259259,4.455357142857142,23.027710422994247,exponential.png,-inf,0.0,-90.0
-22.469135802469136,4.5267857142857135,22.920598871165247,exponential.png,0.5785714285714323,inf,30.052447711189984
-22.469135802469136,4.544642857142858,22.924132315286872,exponential.png,inf,inf,90.0
-22.469135802469136,4.446428571428571,22.904863910327357,exponential.png,-inf,-inf,-90.0
-22.469135802469136,4.455357142857142,22.906598852300366,exponential.png,inf,inf,90.0
-22.469135802469136,4.5,22.915323774928435,exponential.png,inf,0.0,90.0
-22.469135802469136,4.4375,22.90313231765036,exponential.png,-inf,-inf,-90.0
-22.345679012345677,4.446428571428571,22.78376829156236,exponential.png,0.07232142857142515,inf,4.136510803337069
-22.345679012345677,4.508928571428571,22.79604806507108,exponential.png,inf,inf,90.0
-22.345679012345677,4.517857142857142,22.797815765683595,exponential.png,inf,0.0,90.0
-22.098765432098766,4.446428571428571,22.541653902580876,exponential.png,-0.28928571428571614,-inf,-16.134401085558313
-22.098765432098766,4.4375,22.53989440687164,exponential.png,-inf,-inf,-90.0
-22.098765432098766,4.508928571428571,22.554065497935582,exponential.png,inf,inf,90.0
-22.098765432098766,4.517857142857142,22.55585216271353,exponential.png,inf,0.0,90.0
-21.728395061728392,4.544642857142858,22.198579473865493,exponential.png,0.07232142857143065,-inf,4.136510803337383
-21.728395061728392,4.553571428571429,22.20040911140254,exponential.png,inf,inf,90.0
-21.728395061728392,4.517857142857142,22.193111208701858,exponential.png,-inf,-inf,-90.0
-21.728395061728392,4.4375,22.176892438043314,exponential.png,-inf,0.0,-90.0
-21.604938271604937,4.553571428571429,22.079591718937234,exponential.png,0.9401785714285829,inf,43.23396160286201
-21.604938271604937,4.544642857142858,22.07775206896842,exponential.png,-inf,-inf,-90.0
-21.604938271604937,4.4375,22.055946227035005,exponential.png,-inf,0.0,-90.0
-21.604938271604937,4.517857142857142,22.072253869578542,exponential.png,inf,inf,90.0
-21.358024691358022,0.11607142857142883,21.35834008749719,exponential.png,-17.82723214285706,-inf,-86.7894175653457
-21.358024691358022,0.07142857142857162,21.358144131863966,exponential.png,-inf,-inf,-90.0
-21.234567901234566,0.0625,21.23465987959641,exponential.png,-0.07232142857143083,inf,-4.136510803337393
-21.234567901234566,0.053571428571428825,21.234635477212706,exponential.png,-inf,-inf,-90.0
-21.234567901234566,4.5,21.706148298400187,exponential.png,inf,inf,90.0
-21.234567901234566,4.455357142857142,21.69693713920353,exponential.png,-inf,-inf,-90.0
-21.234567901234566,0.11607142857142883,21.234885131044905,exponential.png,-inf,0.0,-90.0
-21.11111111111111,0.13392857142857162,21.11153592725844,exponential.png,0.14464285714285807,inf,8.230344805385943
-21.11111111111111,0.1071428571428572,21.11138299443018,exponential.png,-inf,-inf,-90.0
-20.98765432098765,4.517857142857142,21.468410911395768,exponential.png,35.726785714285036,inf,88.39669809146604
-20.98765432098765,0.13392857142857162,20.988081636002764,exponential.png,-inf,-inf,-90.0
-20.98765432098765,4.4375,21.45164422945877,exponential.png,inf,inf,90.0
-20.98765432098765,0.2321428571428572,20.9889381390149,exponential.png,-inf,-inf,-90.0
-20.864197530864196,0.13392857142857162,20.864627374318587,exponential.png,-0.7955357142857211,inf,-38.50350195396108
-20.864197530864196,0.22321428571428603,20.86539151859525,exponential.png,inf,inf,90.0
-20.864197530864196,0.1875,20.86504001570377,exponential.png,-inf,-inf,-90.0
-20.74074074074074,0.2321428571428572,20.74203984136433,exponential.png,0.36160714285714696,inf,19.880352364642853
-20.74074074074074,0.053571428571428825,20.740809925665438,exponential.png,-inf,-inf,-90.0
-20.74074074074074,0.125,20.741117411427542,exponential.png,inf,inf,90.0
-20.74074074074074,0.1071428571428572,20.741017479054868,exponential.png,-inf,-inf,-90.0
-20.61728395061728,0.0625,20.617378682809825,exponential.png,-0.3616071428571366,inf,-19.880352364642327
-20.61728395061728,0.13392857142857162,20.617718941789505,exponential.png,inf,inf,90.0
-20.61728395061728,0.09821428571428603,20.617517880343872,exponential.png,-inf,-inf,-90.0
-20.493827160493826,4.4375,20.96874717130698,exponential.png,35.14821428571463,inf,88.37032040738596
-20.493827160493826,4.517857142857142,20.9858996673352,exponential.png,inf,inf,90.0
-20.37037037037037,4.508928571428571,20.863423158444252,exponential.png,-0.07232142857142723,-inf,-4.136510803337188
-20.37037037037037,4.446428571428571,20.850005181459295,exponential.png,-inf,-inf,-90.0
-20.0,4.4375,20.486371231870226,exponential.png,-0.02410714285714218,inf,-1.3809700643652518
-20.0,4.517857142857142,20.503927261948267,exponential.png,inf,inf,90.0
-19.87654320987654,4.508928571428571,20.381545742075946,exponential.png,-0.07232142857142515,-inf,-4.136510803337069
-19.87654320987654,4.482142857142857,20.375636789212894,exponential.png,-inf,-inf,-90.0
-19.87654320987654,4.446428571428571,20.36781031468296,exponential.png,-inf,0.0,-90.0
-19.753086419753085,4.5,20.259181205227268,exponential.png,0.4339285714285778,inf,23.457399544914256
-19.753086419753085,4.4375,20.24539032363253,exponential.png,-inf,-inf,-90.0
-19.753086419753085,4.491071428571429,20.257199848023525,exponential.png,inf,inf,90.0
-19.753086419753085,4.473214285714286,20.253248360501388,exponential.png,-inf,-inf,-90.0
-19.62962962962963,4.508928571428571,20.140824120643085,exponential.png,0.28928571428571614,inf,16.134401085558313
-19.382716049382715,4.508928571428571,19.90025422735205,exponential.png,0.0,-1.1716071428571453,0.0
-19.25925925925926,4.517857142857142,19.782065119158535,exponential.png,0.07232142857142723,0.5858035714285664,4.136510803337188
-19.1358024691358,4.5,19.65779581076637,exponential.png,-0.1446428571428503,-1.757410714285615,-8.230344805385505
-19.1358024691358,4.4375,19.643582727898284,exponential.png,-inf,-inf,-90.0
-19.1358024691358,4.491071428571429,19.65575383225773,exponential.png,inf,inf,90.0
-19.1358024691358,4.508928571428571,19.659841632119743,exponential.png,inf,0.0,90.0
-19.012345679012345,4.491071428571429,19.535583195666057,exponential.png,-0.14464285714285446,-inf,-8.230344805385739
-19.012345679012345,4.4375,19.523337175499975,exponential.png,-inf,-inf,-90.0
-18.02469135802469,4.464285714285714,18.569311928308636,exponential.png,0.02712053571428582,inf,1.5535114278740119
-18.02469135802469,4.517857142857142,18.582263901777825,exponential.png,inf,inf,90.0
-17.901234567901234,4.464285714285714,18.449499884652635,exponential.png,-0.4339285714285706,-inf,-23.45739954491391
-17.901234567901234,4.446428571428571,18.44518707131588,exponential.png,-inf,-inf,-90.0
-17.901234567901234,4.455357142857142,18.447341443292856,exponential.png,inf,inf,90.0
-17.901234567901234,4.535714285714286,18.466913741517686,exponential.png,inf,0.0,90.0
-17.901234567901234,4.517857142857142,18.462535909735895,exponential.png,-inf,-inf,-90.0
-17.901234567901234,4.5267857142857135,18.464722796675915,exponential.png,inf,inf,90.0
-17.77777777777778,4.446428571428571,18.325395214206587,exponential.png,-0.6508928571428595,-inf,-33.0598155885445
-17.77777777777778,4.535714285714286,18.347263741432457,exponential.png,inf,inf,90.0
-17.65432098765432,4.535714285714286,18.22766451350157,exponential.png,0.0,-inf,0.0
-17.65432098765432,4.4375,18.20347372852588,exponential.png,-inf,-inf,-90.0
-17.65432098765432,4.446428571428571,18.205652324922283,exponential.png,inf,inf,90.0
-17.65432098765432,4.544642857142858,18.229888322041674,exponential.png,inf,0.0,90.0
-17.28395061728395,4.491071428571429,17.85790221490869,exponential.png,-0.14464285714285788,-inf,-8.230344805385931
-17.28395061728395,4.482142857142857,17.855658865820295,exponential.png,-inf,-inf,-90.0
-17.160493827160494,4.491071428571429,17.7384404886265,exponential.png,0.07232142857143443,inf,4.136510803337599
-17.037037037037035,4.535714285714286,17.630466105097856,exponential.png,0.36160714285713297,2.3432142857141143,19.880352364642143
-17.037037037037035,4.446428571428571,17.60770734769828,exponential.png,-inf,-inf,-90.0
-17.037037037037035,4.4375,17.60545475843699,exponential.png,-inf,0.0,-90.0
-16.91358024691358,4.5267857142857135,17.508883050378927,exponential.png,0.7232142857142867,inf,35.874991352064065
-16.91358024691358,4.446428571428571,17.48827961263204,exponential.png,-inf,-inf,-90.0
-16.91358024691358,4.544642857142858,17.513508371190646,exponential.png,inf,inf,90.0
-16.91358024691358,4.455357142857142,17.490551850619045,exponential.png,-inf,-inf,-90.0
-16.91358024691358,4.473214285714286,17.495109111254596,exponential.png,inf,inf,90.0
-16.790123456790123,4.491071428571429,17.380390337123746,exponential.png,0.14464285714286165,-inf,8.230344805386142
-16.790123456790123,4.446428571428571,17.368908219432512,exponential.png,-inf,-inf,-90.0
-16.419753086419753,4.4375,17.00881235327708,exponential.png,-0.02410714285714218,inf,-1.3809700643652518
-16.419753086419753,4.517857142857142,17.029953745746237,exponential.png,inf,inf,90.0
-16.296296296296294,4.491071428571429,16.90381600566011,exponential.png,-0.21696428571427545,-inf,-12.241409370534686
-16.296296296296294,4.4375,16.889661903859423,exponential.png,-inf,-inf,-90.0
-16.296296296296294,4.517857142857142,16.910952254085093,exponential.png,inf,inf,90.0
-16.17283950617284,4.508928571428571,16.789615080598775,exponential.png,-0.07232142857142723,-inf,-4.136510803337188
-16.049382716049383,4.517857142857142,16.673143636683815,exponential.png,0.07232142857142723,1.1716071428571329,4.136510803337188
-16.049382716049383,4.508928571428571,16.670726511717163,exponential.png,-inf,-inf,-90.0
-15.802469135802468,4.517857142857142,16.435603546911654,exponential.png,0.036160714285713096,inf,2.0709539693741594
-15.802469135802468,4.508928571428571,16.433151482604742,exponential.png,-inf,-inf,-90.0
-15.555555555555555,4.517857142857142,16.198343798217167,exponential.png,0.03616071428571336,inf,2.0709539693741745
-15.555555555555555,4.508928571428571,16.195855812652205,exponential.png,-inf,-inf,-90.0
-15.555555555555555,4.446428571428571,16.17856717026547,exponential.png,-inf,0.0,-90.0
-15.555555555555555,4.473214285714286,16.185949298323337,exponential.png,inf,inf,90.0
-15.432098765432098,4.482142857142857,16.069825042541304,exponential.png,0.07232142857142619,-inf,4.136510803337129
-15.432098765432098,4.4375,16.05743063369887,exponential.png,-inf,-inf,-90.0
-15.061728395061728,4.508928571428571,15.722153132088925,exponential.png,0.19285714285714223,inf,10.915882431693039
-15.061728395061728,4.4375,15.701817362859902,exponential.png,-inf,-inf,-90.0
-14.93827160493827,4.482142857142857,15.596203484654263,exponential.png,0.3616071428571382,inf,19.880352364642405
-14.93827160493827,4.446428571428571,15.585977209778068,exponential.png,-inf,-inf,-90.0
-14.93827160493827,4.517857142857142,15.606504788266024,exponential.png,inf,inf,90.0
-14.814814814814813,4.455357142857142,15.47026002585815,exponential.png,-0.5062499999999978,-inf,-26.850813293954424
-14.814814814814813,4.508928571428571,15.48577330518245,exponential.png,inf,inf,90.0
-14.814814814814813,4.491071428571429,15.48058334087534,exponential.png,-inf,-inf,-90.0
-14.814814814814813,4.4375,15.465126712938904,exponential.png,-inf,0.0,-90.0
-14.691358024691358,4.446428571428571,15.349486234088731,exponential.png,0.07232142857142723,inf,4.136510803337188
-14.691358024691358,4.4375,15.346902190985096,exponential.png,-inf,-inf,-90.0
-14.320987654320987,4.517857142857142,15.016714705902867,exponential.png,0.21696428571428442,inf,12.241409370535177
-14.320987654320987,4.401785714285714,14.982202937809376,exponential.png,-inf,-inf,-90.0
-14.19753086419753,4.4375,14.874854247683958,exponential.png,0.289285714285712,inf,16.13440108555809
-14.19753086419753,4.517857142857142,14.899023988272077,exponential.png,inf,inf,90.0
-14.19753086419753,4.401785714285714,14.864238968555748,exponential.png,-inf,-inf,-90.0
-14.074074074074073,4.508928571428571,14.778700819245543,exponential.png,0.8678571428571359,inf,40.95331226656412
-14.074074074074073,4.446428571428571,14.759752304267856,exponential.png,-inf,-inf,-90.0
-13.950617283950617,4.4375,14.639369141232203,exponential.png,-0.07232142857142723,inf,-4.136510803337188
-13.950617283950617,4.517857142857142,14.663927024045332,exponential.png,inf,inf,90.0
-13.580246913580247,4.4375,14.286865033442634,exponential.png,-0.21696428571428442,-inf,-12.241409370535177
-13.580246913580247,4.517857142857142,14.31202778774102,exponential.png,inf,inf,90.0
-13.45679012345679,4.508928571428571,14.192097705730788,exponential.png,-0.07232142857142619,-inf,-4.136510803337129
-13.45679012345679,4.446428571428571,14.172364921479426,exponential.png,-inf,-inf,-90.0
-13.45679012345679,4.464285714285714,14.177977548491876,exponential.png,inf,inf,90.0
-13.45679012345679,4.491071428571429,14.186434471116934,exponential.png,inf,0.0,90.0
-13.333333333333332,4.482142857142857,14.066534127837405,exponential.png,-0.0723214285714334,-inf,-4.136510803337539
-13.333333333333332,4.473214285714286,14.06369168546069,exponential.png,-inf,-inf,-90.0
-12.962962962962962,4.4375,13.70145302619943,exponential.png,-0.09642857142857111,inf,-5.507920549804657
-12.962962962962962,4.553571428571429,13.73948403449895,exponential.png,inf,inf,90.0
-12.839506172839506,4.517857142857142,13.61117011596171,exponential.png,-0.2892857142857233,-inf,-16.134401085558693
-12.839506172839506,4.5,13.605253351642657,exponential.png,-inf,-inf,-90.0
-12.839506172839506,4.4375,13.584709235474412,exponential.png,-inf,0.0,-90.0
-12.839506172839506,4.553571428571429,13.623066156981174,exponential.png,inf,inf,90.0
-12.716049382716049,4.508928571428571,13.491788197489543,exponential.png,-0.36160714285714535,-inf,-19.880352364642768
-12.592592592592592,4.517857142857142,13.378505946714794,exponential.png,0.07232142857142619,3.514821428571414,4.136510803337129
-12.345679012345679,4.508928571428571,13.143295900881084,exponential.png,-0.03616071428571336,-0.4393526785714164,-2.0709539693741745
-12.345679012345679,4.517857142857142,13.146361604609005,exponential.png,inf,inf,90.0
-12.222222222222221,4.4375,13.002850545145195,exponential.png,-0.6508928571428502,-inf,-33.059815588544126
-12.222222222222221,4.5,13.024312498146791,exponential.png,inf,inf,90.0
-12.098765432098764,4.4375,12.886874377867892,exponential.png,-0.5062499999999978,-inf,-26.850813293954424
-12.098765432098764,4.5,12.908529156373625,exponential.png,inf,inf,90.0
-10.864197530864196,0.1071428571428572,10.864725840143064,exponential.png,-3.5582142857142847,-inf,-74.30252100423283
-10.864197530864196,0.08928571428571441,10.864564415033454,exponential.png,-inf,-inf,-90.0
-10.864197530864196,0.0625,10.864377305655198,exponential.png,-inf,0.0,-90.0
-10.864197530864196,0.125,10.864916612180496,exponential.png,inf,inf,90.0
-10.74074074074074,0.13392857142857162,10.741575700149994,exponential.png,0.07232142857143083,-inf,4.136510803337393
-10.74074074074074,0.09821428571428603,10.741189771423198,exponential.png,-inf,-inf,-90.0
-10.74074074074074,0.053571428571428825,10.740874338607968,exponential.png,-inf,0.0,-90.0
-10.617283950617283,0.2321428571428572,10.619821504816256,exponential.png,1.4464285714285634,inf,55.34164529447875
-10.493827160493826,0.1875,10.495502118732476,exponential.png,-0.36160714285714174,-14.645089285714146,-19.880352364642587
-10.493827160493826,0.22321428571428603,10.49620088849603,exponential.png,inf,inf,90.0
-10.37037037037037,0.2321428571428572,10.372968327570375,exponential.png,0.07232142857142723,-inf,4.136510803337188
-10.246913580246913,0.13392857142857162,10.247788775306285,exponential.png,-0.7955357142857097,-7.029642857142777,-38.50350195396068
-10.246913580246913,0.09821428571428603,10.247384249991164,exponential.png,-inf,-inf,-90.0
-10.246913580246913,0.053571428571428825,10.247053616479606,exponential.png,-inf,0.0,-90.0
-10.123456790123456,0.1071428571428572,10.124023754087771,exponential.png,0.43392857142856794,inf,23.45739954491378
-10.123456790123456,0.08928571428571441,10.123850518467378,exponential.png,-inf,-inf,-90.0
-10.123456790123456,0.0625,10.12364971892532,exponential.png,-inf,0.0,-90.0
-10.123456790123456,0.125,10.12422848327203,exponential.png,inf,inf,90.0
-0.8641975308641975,0.053571428571428825,0.8658563797252748,exponential.png,-0.007714285714285688,-inf,-0.4419872459420296
-0.8641975308641975,0.13392857142857162,0.8745137132124765,exponential.png,inf,inf,90.0
-0.8641975308641975,0.125,0.8731909140341393,exponential.png,-inf,-inf,-90.0
-0.6172839506172839,0.125,0.6298130482053237,exponential.png,0.0,inf,0.0
-0.6172839506172839,0.053571428571428825,0.6196042072556198,exponential.png,-inf,-inf,-90.0
-0.49382716049382713,0.11607142857142883,0.5072847730535665,exponential.png,0.50625,inf,26.850813293954523
-0.49382716049382713,0.07142857142857162,0.49896623659093675,exponential.png,-inf,-inf,-90.0
-0.49382716049382713,0.0803571428571428,0.5003224308878819,exponential.png,inf,inf,90.0
-0.49382716049382713,0.0625,0.49776652603544574,exponential.png,-inf,-inf,-90.0
-0.37037037037037035,0.08928571428571441,0.380980511343816,exponential.png,0.21696428571428675,inf,12.241409370535303
-0.37037037037037035,0.13392857142857162,0.39384143191541354,exponential.png,inf,inf,90.0
-0.24691358024691357,0.053571428571428825,0.2526582950736681,exponential.png,-0.6508928571428567,-inf,-33.05981558854438
-0.12345679012345678,0.053571428571428825,0.13457888759672135,exponential.png,0.0,5.27223214285714,0.0
-0.12345679012345678,0.2321428571428572,0.2629294299808149,exponential.png,inf,inf,90.0
0.0,0.1875,0.1875,exponential.png,-0.3616071428571434,-inf,-19.880352364642672
0.0,0.22321428571428603,0.22321428571428603,exponential.png,inf,inf,90.0
0.12345679012345678,0.125,0.17568886995933253,exponential.png,-0.7955357142857169,-inf,-38.503501953960935
0.12345679012345678,0.0625,0.1383756807664817,exponential.png,-inf,-inf,-90.0
0.12345679012345678,0.2321428571428572,0.2629294299808149,exponential.png,inf,inf,90.0
0.24691358024691357,0.053571428571428825,0.2526582950736681,exponential.png,-1.44642857142857,-inf,-55.34164529447888
0.24691358024691357,0.13392857142857162,0.2808970956689425,exponential.png,inf,inf,90.0
0.6172839506172839,0.13392857142857162,0.6316457376841701,exponential.png,0.0,-inf,0.0
0.6172839506172839,0.053571428571428825,0.6196042072556198,exponential.png,-inf,-inf,-90.0
0.8641975308641975,0.07142857142857162,0.8671444015664878,exponential.png,0.07232142857142831,inf,4.1365108033372495
0.8641975308641975,0.11607142857142883,0.871957538462962,exponential.png,inf,inf,90.0
2.5925925925925926,4.357142857142857,5.070131184566825,exponential.png,2.4537627551020402,-inf,67.82726856058562
2.5925925925925926,0.2321428571428572,2.6029649742723064,exponential.png,-inf,-inf,-90.0
