-25.272727272727273,16.25,30.04618517884846,quadratic.png,0.0,0.0,0.0
-25.272727272727273,16.875,30.388753985671293,quadratic.png,inf,0.0,90.0
-25.21212121212121,-1.25,25.243089272406664,quadratic.png,-299.0624999999915,-inf,-89.80841608033307
-25.21212121212121,2.5,25.33576633959771,quadratic.png,inf,inf,90.0
-25.21212121212121,3.125,25.405052273409957,quadratic.png,inf,0.0,90.0
-25.21212121212121,-0.625,25.219866792167885,quadratic.png,-inf,-inf,-90.0
-25.151515151515152,2.5,25.275456759807454,quadratic.png,51.562500000001556,inf,88.88894840867671
-25.151515151515152,0.0,25.151515151515152,quadratic.png,-inf,-inf,-90.0
-25.151515151515152,-0.625,25.15927938985726,quadratic.png,-inf,0.0,-90.0
-25.151515151515152,3.125,25.34490756378678,quadratic.png,inf,inf,90.0
-25.09090909090909,20.625,32.47990677339245,quadratic.png,288.7499999999918,-inf,89.80157385125388
-25.09090909090909,20.0,32.086659517753866,quadratic.png,-inf,-inf,-90.0
-25.09090909090909,16.875,30.23771393489039,quadratic.png,-inf,0.0,-90.0
-25.09090909090909,16.25,29.893414308309858,quadratic.png,-inf,0.0,-90.0
-25.09090909090909,19.375,31.700857149425225,quadratic.png,inf,inf,90.0
-25.09090909090909,14.375,28.91702515834339,quadratic.png,-inf,-inf,-90.0
-25.09090909090909,15.0,29.23275079441318,quadratic.png,inf,inf,90.0
-25.09090909090909,21.875,33.287675557302954,quadratic.png,inf,0.0,90.0
-25.09090909090909,-0.625,25.098692077641505,quadratic.png,-inf,-inf,-90.0
-25.09090909090909,8.125,26.373648666960445,quadratic.png,inf,inf,90.0
-25.09090909090909,6.875,26.015751843993755,quadratic.png,-inf,-inf,-90.0
-25.09090909090909,8.75,26.572847401215107,quadratic.png,inf,inf,90.0
-25.09090909090909,0.0,25.09090909090909,quadratic.png,-inf,-inf,-90.0
-25.09090909090909,6.25,25.857614333272597,quadratic.png,inf,inf,90.0
-25.09090909090909,11.25,27.49756751075019,quadratic.png,inf,0.0,90.0
-25.09090909090909,11.875,27.75913082227656,quadratic.png,inf,0.0,90.0
-25.03030303030303,16.875,30.187442667254825,quadratic.png,82.50000000000249,-inf,89.30553971245025
-25.03030303030303,11.875,27.70436237831142,quadratic.png,-inf,-inf,-90.0
-25.03030303030303,21.875,33.24201700843072,quadratic.png,inf,inf,90.0
-25.03030303030303,18.75,31.27424770939818,quadratic.png,-inf,-inf,-90.0
-25.03030303030303,19.375,31.652909736528127,quadratic.png,inf,inf,90.0
-25.03030303030303,21.25,32.83410680662407,quadratic.png,inf,0.0,90.0
-25.03030303030303,0.625,25.038104856174662,quadratic.png,-inf,-inf,-90.0
-25.03030303030303,9.375,26.728387433378714,quadratic.png,inf,inf,90.0
-25.03030303030303,6.25,25.798809464562453,quadratic.png,-inf,-inf,-90.0
-25.03030303030303,8.75,26.515628783583413,quadratic.png,inf,inf,90.0
-25.03030303030303,1.25,25.061495761203023,quadratic.png,-inf,-inf,-90.0
-24.96969696969697,11.875,27.649618293178914,quadratic.png,175.31249999999503,inf,89.6731826987866
-24.96969696969697,13.75,28.50523226985695,quadratic.png,inf,inf,90.0
-24.96969696969697,13.125,28.209065772522386,quadratic.png,-inf,-inf,-90.0
-24.96969696969697,8.75,26.45842525091949,quadratic.png,-inf,0.0,-90.0
-24.96969696969697,19.375,31.605005802222124,quadratic.png,inf,inf,90.0
-24.96969696969697,1.25,25.00096531653316,quadratic.png,-inf,-inf,-90.0
-24.96969696969697,0.625,24.977517726117103,quadratic.png,-inf,0.0,-90.0
-24.90909090909091,6.25,25.681224852357712,quadratic.png,92.8125000000028,inf,89.38269562234187
-24.90909090909091,2.5,25.034232760708996,quadratic.png,-inf,-inf,-90.0
-24.90909090909091,4.375,25.29038226119478,quadratic.png,inf,inf,90.0
-24.90909090909091,8.125,26.20073348052217,quadratic.png,inf,0.0,90.0
-24.90909090909091,20.0,31.94468359394651,quadratic.png,inf,0.0,90.0
-24.90909090909091,12.5,27.869567810020943,quadratic.png,-inf,-inf,-90.0
-24.90909090909091,18.75,31.177320441586307,quadratic.png,inf,inf,90.0
-24.90909090909091,20.625,32.33965730983177,quadratic.png,inf,0.0,90.0
-24.90909090909091,19.375,31.557145544509495,quadratic.png,-inf,-inf,-90.0
-24.848484848484848,6.25,25.622445224165883,quadratic.png,-216.56249999999383,inf,-89.73543262433299
-24.848484848484848,21.25,32.695713775132376,quadratic.png,inf,inf,90.0
-24.848484848484848,20.625,32.292999617028165,quadratic.png,-inf,-inf,-90.0
-24.848484848484848,13.125,28.1018295537031,quadratic.png,-inf,0.0,-90.0
-24.848484848484848,12.5,27.81541298031329,quadratic.png,-inf,0.0,-90.0
-24.848484848484848,21.875,33.105329242666976,quadratic.png,inf,inf,90.0
-24.848484848484848,20.0,31.897448162280646,quadratic.png,-inf,-inf,-90.0
-24.78787878787879,5.625,25.41809512537419,quadratic.png,-237.18750000000716,inf,-89.75843819748556
-24.78787878787879,21.25,32.64967740732779,quadratic.png,inf,inf,90.0
-24.78787878787879,13.75,28.346100874768847,quadratic.png,-inf,-inf,-90.0
-24.727272727272727,16.875,29.93666049393161,quadratic.png,51.562499999998536,inf,88.88894840867665
-24.727272727272727,13.75,28.293117829764284,quadratic.png,-inf,-inf,-90.0
-24.727272727272727,11.25,27.16616492125684,quadratic.png,-inf,0.0,-90.0
-24.727272727272727,21.25,32.60368869512966,quadratic.png,inf,inf,90.0
-24.727272727272727,5.625,25.358995278380522,quadratic.png,-inf,-inf,-90.0
-24.727272727272727,18.75,31.032249620820686,quadratic.png,inf,inf,90.0
-24.727272727272727,21.875,33.01444595217259,quadratic.png,inf,0.0,90.0
-24.727272727272727,19.375,31.41382882631351,quadratic.png,-inf,-inf,-90.0
-24.727272727272727,11.875,27.43088845679129,quadratic.png,-inf,0.0,-90.0
-24.666666666666668,1.25,24.698318656225254,quadratic.png,-175.3125000000053,inf,-89.67318269878663
-24.666666666666668,0.625,24.67458347053592,quadratic.png,-inf,-inf,-90.0
-24.666666666666668,6.25,25.446157754058753,quadratic.png,inf,inf,90.0
-24.666666666666668,16.875,29.886620241245822,quadratic.png,inf,0.0,90.0
-24.666666666666668,11.25,27.111011497995506,quadratic.png,-inf,-inf,-90.0
-24.666666666666668,9.375,26.388161539683747,quadratic.png,-inf,0.0,-90.0
-24.666666666666668,15.0,28.869437896232835,quadratic.png,inf,inf,90.0
-24.666666666666668,11.875,27.376268362295917,quadratic.png,-inf,-inf,-90.0
-24.666666666666668,16.25,29.538228525834864,quadratic.png,inf,inf,90.0
-24.666666666666668,14.375,28.54969473469803,quadratic.png,-inf,-inf,-90.0
-24.666666666666668,18.75,30.983978834947013,quadratic.png,inf,inf,90.0
-24.666666666666668,21.25,32.55774784048252,quadratic.png,inf,0.0,90.0
-24.666666666666668,20.625,32.153305731206615,quadratic.png,-inf,-inf,-90.0
-24.666666666666668,20.0,31.756014303505477,quadratic.png,-inf,0.0,-90.0
-23.93939393939394,154.375,156.2201498116856,quadratic.png,184.76562500000017,inf,89.6899032486383
-23.93939393939394,149.375,151.28114623833827,quadratic.png,-inf,-inf,-90.0
-23.93939393939394,155.0,156.83779704581895,quadratic.png,inf,inf,90.0
-23.81818181818182,149.375,151.26201244900838,quadratic.png,-46.40625000000004,-inf,-88.76553452350244
-23.81818181818182,154.375,156.20162102271527,quadratic.png,inf,inf,90.0
-23.757575757575758,151.25,153.104490155831,quadratic.png,-51.562499999998536,-inf,-88.88894840867665
-23.757575757575758,150.625,152.48709135817677,quadratic.png,-inf,-inf,-90.0
-23.757575757575758,150.0,151.86975474358596,quadratic.png,-inf,0.0,-90.0
-23.757575757575758,153.75,155.5746923695398,quadratic.png,inf,inf,90.0
-23.6969696969697,151.875,153.71259544298607,quadratic.png,-30.937500000000934,-inf,-88.14865978286738
-23.6969696969697,155.0,156.80097695109907,quadratic.png,inf,inf,90.0
-23.636363636363637,149.375,151.233489382975,quadratic.png,-92.81249999999736,-inf,-89.38269562234183
-23.575757575757578,149.375,151.22402907696545,quadratic.png,0.0,1531.4062500000027,0.0
-23.454545454545457,150.0,151.8226455522342,quadratic.png,5.156250000000004,42.53906250000007,79.02434482718746
-23.454545454545457,154.375,156.14658602569364,quadratic.png,inf,inf,90.0
-23.454545454545457,-6.25,24.272993273993606,quadratic.png,-inf,-inf,-90.0
-23.393939393939394,100.625,103.30860092638613,quadratic.png,1763.43749999995,inf,89.96750904221358
-23.393939393939394,97.5,100.26727482268235,quadratic.png,-inf,-inf,-90.0
-23.393939393939394,155.0,156.75546689148456,quadratic.png,inf,inf,90.0
-23.393939393939394,149.375,151.19579036920078,quadratic.png,-inf,-inf,-90.0
-23.393939393939394,48.75,54.072533696575654,quadratic.png,-inf,0.0,-90.0
-23.393939393939394,101.875,104.52651350431292,quadratic.png,inf,inf,90.0
-23.393939393939394,45.625,51.27296583353951,quadratic.png,-inf,-inf,-90.0
-23.393939393939394,-5.625,24.060694615228993,quadratic.png,-inf,0.0,-90.0
-23.393939393939394,-55.0,59.76852349161145,quadratic.png,-inf,0.0,-90.0
-23.393939393939394,99.375,102.09146401814066,quadratic.png,inf,inf,90.0
-23.393939393939394,-5.0,23.92229922827882,quadratic.png,-inf,-inf,-90.0
-23.393939393939394,-55.625,60.34415485668276,quadratic.png,-inf,0.0,-90.0
-23.393939393939394,-60.0,64.39935093125791,quadratic.png,-inf,0.0,-90.0
-23.393939393939394,-60.625,64.9820515632379,quadratic.png,-inf,0.0,-90.0
-23.333333333333336,45.0,50.68968775248516,quadratic.png,1742.8125000000525,inf,89.96712453392132
-23.333333333333336,44.375,50.13566664007216,quadratic.png,-inf,-inf,-90.0
-23.333333333333336,-55.625,60.320685253438924,quadratic.png,-inf,0.0,-90.0
-23.333333333333336,-60.0,64.37735971942655,quadratic.png,-inf,0.0,-90.0
-23.333333333333336,48.75,54.04634071280353,quadratic.png,inf,inf,90.0
-23.333333333333336,100.0,102.68614533832908,quadratic.png,inf,0.0,90.0
-23.333333333333336,102.5,105.12228329162397,quadratic.png,inf,0.0,90.0
-23.333333333333336,96.875,99.64542171843344,quadratic.png,-inf,-inf,-90.0
-23.272727272727273,48.125,53.45685605898222,quadratic.png,-804.3749999999771,inf,-89.92876985237571
-23.272727272727273,50.0,55.150882447253224,quadratic.png,inf,inf,90.0
-23.272727272727273,-55.0,59.721184136876786,quadratic.png,-inf,-inf,-90.0
-23.272727272727273,-60.625,64.9385129157632,quadratic.png,-inf,0.0,-90.0
-23.21212121212121,-6.25,24.038824246751492,quadratic.png,897.1874999999745,inf,89.93613848188195
-23.21212121212121,-55.0,59.69759267479893,quadratic.png,-inf,-inf,-90.0
-23.21212121212121,-2.5,23.346360983378275,quadratic.png,inf,inf,90.0
-23.21212121212121,155.0,156.72843574529227,quadratic.png,inf,0.0,90.0
-23.21212121212121,50.0,55.12533511160007,quadratic.png,-inf,-inf,-90.0
-23.21212121212121,149.375,151.16776506969404,quadratic.png,inf,inf,90.0
-23.21212121212121,-3.125,23.421532745877403,quadratic.png,-inf,-inf,-90.0
-23.151515151515152,-6.875,24.150740750768612,quadratic.png,-61.87500000000187,inf,-89.07408821359996
-23.151515151515152,-8.125,24.535857001760416,quadratic.png,-inf,-inf,-90.0
-23.151515151515152,-55.0,59.67405343875038,quadratic.png,-inf,0.0,-90.0
-23.151515151515152,50.0,55.099842593339915,quadratic.png,inf,inf,90.0
-23.09090909090909,153.75,155.47428270503335,quadratic.png,1711.8749999999513,-inf,89.96653039912614
-23.09090909090909,150.625,152.3846472176401,quadratic.png,-inf,-inf,-90.0
-23.09090909090909,44.375,50.023301646778854,quadratic.png,-inf,0.0,-90.0
-23.09090909090909,102.5,105.06873979754697,quadratic.png,inf,inf,90.0
-23.09090909090909,48.125,53.37795151225483,quadratic.png,-inf,-inf,-90.0
-23.09090909090909,-2.5,23.225849449366283,quadratic.png,-inf,0.0,-90.0
-23.09090909090909,-5.625,23.76616728975516,quadratic.png,-inf,0.0,-90.0
-23.09090909090909,96.875,99.58893366054599,quadratic.png,inf,inf,90.0
-23.09090909090909,100.0,102.63133090165317,quadratic.png,inf,0.0,90.0
-23.09090909090909,49.375,54.50762063826147,quadratic.png,-inf,-inf,-90.0
-23.09090909090909,-55.625,60.22732525726697,quadratic.png,-inf,0.0,-90.0
-23.09090909090909,-56.25,60.80503747753658,quadratic.png,-inf,0.0,-90.0
-23.09090909090909,-57.5,61.963215560884414,quadratic.png,-inf,0.0,-90.0
-23.09090909090909,-56.875,61.38367623110096,quadratic.png,inf,inf,90.0
-23.09090909090909,-8.125,24.47867863355022,quadratic.png,inf,0.0,90.0
-23.09090909090909,-6.875,24.092648414913377,quadratic.png,inf,0.0,90.0
-23.03030303030303,100.625,103.22686415205871,quadratic.png,1773.7500000000537,-inf,89.9676979430908
-23.03030303030303,99.375,102.00875199054042,quadratic.png,-inf,-inf,-90.0
-23.03030303030303,97.5,100.18305673948856,quadratic.png,-inf,0.0,-90.0
-23.03030303030303,45.0,50.5509135196149,quadratic.png,-inf,0.0,-90.0
-23.03030303030303,50.0,55.04902231345789,quadratic.png,inf,inf,90.0
-23.03030303030303,101.875,104.44572984410414,quadratic.png,inf,0.0,90.0
-23.03030303030303,-6.25,23.86330567351441,quadratic.png,-inf,-inf,-90.0
-23.03030303030303,-60.625,64.85202759102899,quadratic.png,-inf,0.0,-90.0
-23.03030303030303,47.5,52.78868115105344,quadratic.png,inf,inf,90.0
-22.96969696969697,153.125,154.83821428794542,quadratic.png,1742.8124999999504,-inf,89.96712453392131
-22.96969696969697,151.25,152.98421316880936,quadratic.png,-inf,-inf,-90.0
-22.90909090909091,-7.5,24.105527297302412,quadratic.png,-2619.375000000079,inf,-89.97812616493268
-22.90909090909091,153.75,155.4473832082129,quadratic.png,inf,inf,90.0
-22.90909090909091,154.375,156.06558580058896,quadratic.png,inf,0.0,90.0
-22.90909090909091,-57.5,61.89569004608473,quadratic.png,-inf,-inf,-90.0
-22.90909090909091,-3.125,23.121247182645487,quadratic.png,inf,inf,90.0
-22.90909090909091,-58.125,62.47673223913837,quadratic.png,-inf,-inf,-90.0
-22.90909090909091,150.0,151.7393371749099,quadratic.png,inf,inf,90.0
-22.90909090909091,150.625,152.35720222976332,quadratic.png,inf,0.0,90.0
-22.848484848484848,-56.875,61.29289424453247,quadratic.png,-3423.7499999999027,-inf,-89.98326519813544
-22.848484848484848,-8.125,24.250131646476515,quadratic.png,inf,inf,90.0
-22.848484848484848,-58.75,63.03662237042402,quadratic.png,-inf,-inf,-90.0
-22.848484848484848,49.375,54.405366324209616,quadratic.png,inf,inf,90.0
-22.848484848484848,45.0,50.46833918281284,quadratic.png,-inf,-inf,-90.0
-22.848484848484848,155.0,156.67499245211866,quadratic.png,inf,inf,90.0
-22.848484848484848,149.375,151.11235516949446,quadratic.png,-inf,-inf,-90.0
-22.848484848484848,-2.5,22.984848484848484,quadratic.png,-inf,0.0,-90.0
-22.848484848484848,-108.125,110.5127543990803,quadratic.png,-inf,0.0,-90.0
-22.848484848484848,97.5,100.14141630649848,quadratic.png,inf,inf,90.0
-22.848484848484848,-112.5,114.79679115668452,quadratic.png,-inf,-inf,-90.0
-22.848484848484848,101.875,104.40578951797377,quadratic.png,inf,inf,90.0
-22.848484848484848,-55.625,60.13479762060767,quadratic.png,-inf,-inf,-90.0
-22.848484848484848,-60.0,64.20321845415104,quadratic.png,-inf,0.0,-90.0
-22.78787878787879,50.0,54.94804291010787,quadratic.png,1815.0000000000548,inf,89.96843208059752
-22.78787878787879,96.875,99.51910894220796,quadratic.png,inf,inf,90.0
-22.78787878787879,102.5,105.00255911000959,quadratic.png,inf,0.0,90.0
-22.78787878787879,44.375,49.88414622553999,quadratic.png,-inf,-inf,-90.0
-22.78787878787879,-113.125,115.39737018082802,quadratic.png,-inf,0.0,-90.0
-22.78787878787879,-107.5,109.88875019605535,quadratic.png,inf,inf,90.0
-22.78787878787879,-60.625,64.76633419185508,quadratic.png,inf,0.0,90.0
-22.78787878787879,-55.0,59.53391822861197,quadratic.png,inf,0.0,90.0
-22.666666666666668,155.0,156.64858051631933,quadratic.png,1732.5000000000016,-inf,89.96692884666656
-22.666666666666668,149.375,151.08497080377578,quadratic.png,-inf,-inf,-90.0
-22.666666666666668,-8.125,24.078899534193372,quadratic.png,-inf,0.0,-90.0
-22.666666666666668,-2.5,22.80411756191802,quadratic.png,inf,inf,90.0
-22.606060606060606,154.375,156.0213914856706,quadratic.png,2588.4374999999263,-inf,89.97786472469876
-22.606060606060606,153.75,155.40301308573424,quadratic.png,-inf,-inf,-90.0
-22.606060606060606,50.0,54.87288926350502,quadratic.png,-inf,0.0,-90.0
-22.606060606060606,44.375,49.801351398580394,quadratic.png,-inf,0.0,-90.0
-22.606060606060606,-6.875,23.628364334521446,quadratic.png,-inf,0.0,-90.0
-22.606060606060606,150.0,151.69388246110944,quadratic.png,inf,inf,90.0
-22.606060606060606,150.625,152.31193190661355,quadratic.png,inf,0.0,90.0
-22.606060606060606,102.5,104.96325059812546,quadratic.png,-inf,-inf,-90.0
-22.606060606060606,96.875,99.47763367272508,quadratic.png,-inf,0.0,-90.0
-22.606060606060606,-55.0,59.46456067377346,quadratic.png,-inf,0.0,-90.0
-22.606060606060606,-60.625,64.70258573754904,quadratic.png,-inf,0.0,-90.0
-22.606060606060606,-3.75,22.914983659712377,quadratic.png,inf,inf,90.0
-22.606060606060606,-3.125,22.821034181756207,quadratic.png,inf,0.0,90.0
-22.606060606060606,-7.5,23.817723991281895,quadratic.png,-inf,-inf,-90.0
-22.545454545454547,153.125,154.77584806959112,quadratic.png,2650.31250000008,inf,89.97838150150442
-22.545454545454547,151.25,152.9210908300786,quadratic.png,-inf,-inf,-90.0
-22.545454545454547,-6.25,23.395726546981972,quadratic.png,-inf,0.0,-90.0
-22.545454545454547,-4.375,22.96602154621381,quadratic.png,inf,inf,90.0
-22.545454545454547,-56.25,60.600000170471596,quadratic.png,-inf,-inf,-90.0
-22.545454545454547,-107.5,109.83873415449196,quadratic.png,-inf,0.0,-90.0
-22.545454545454547,-55.625,60.02031444153852,quadratic.png,inf,inf,90.0
-22.545454545454547,-108.125,110.45050088460965,quadratic.png,-inf,-inf,-90.0
-22.545454545454547,-112.5,114.73686208303397,quadratic.png,-inf,0.0,-90.0
-22.545454545454547,-113.125,115.3497427203943,quadratic.png,-inf,0.0,-90.0
-22.545454545454547,-59.375,63.51132297205875,quadratic.png,inf,inf,90.0
-22.545454545454547,-60.0,64.09600237660035,quadratic.png,-inf,-inf,-90.0
-22.484848484848484,45.625,50.86461477674429,quadratic.png,1742.8124999999504,inf,89.96712453392131
-22.484848484848484,48.75,53.68548138357887,quadratic.png,inf,inf,90.0
-22.484848484848484,101.25,103.71658937405623,quadratic.png,inf,0.0,90.0
-22.484848484848484,98.125,100.66818780720449,quadratic.png,-inf,-inf,-90.0
-22.484848484848484,-111.875,114.11215551546906,quadratic.png,-inf,0.0,-90.0
-22.484848484848484,-108.75,111.05012792152287,quadratic.png,inf,inf,90.0
-22.484848484848484,-58.75,62.90573035413064,quadratic.png,inf,0.0,90.0
-22.484848484848484,-56.875,61.15827038419737,quadratic.png,inf,0.0,90.0
-22.12121212121212,100.0,102.41751815832906,quadratic.png,431.4062500000004,-inf,89.86718857945559
-22.12121212121212,-5.0,22.679242176749693,quadratic.png,-inf,-inf,-90.0
-22.12121212121212,47.5,52.39845442101954,quadratic.png,inf,inf,90.0
-22.12121212121212,152.5,154.09606752189254,quadratic.png,inf,0.0,90.0
-22.12121212121212,-110.0,112.20226390635646,quadratic.png,-inf,-inf,-90.0
-22.12121212121212,-57.5,61.60842495723829,quadratic.png,inf,inf,90.0
-21.87878787878788,47.5,52.296571197785,quadratic.png,433.1250000000004,-inf,89.86771560702556
-21.87878787878788,-5.0,22.442846500499783,quadratic.png,-inf,-inf,-90.0
-21.87878787878788,-110.0,112.15472062755538,quadratic.png,-inf,0.0,-90.0
-21.87878787878788,100.0,102.36543048825123,quadratic.png,inf,inf,90.0
-21.87878787878788,152.5,154.06145319009877,quadratic.png,inf,0.0,90.0
-21.87878787878788,-57.5,61.52179580477959,quadratic.png,-inf,-inf,-90.0
-21.81818181818182,99.375,101.74194652576311,quadratic.png,2588.437500000078,inf,89.97786472469876
-21.81818181818182,48.125,52.839839920757136,quadratic.png,-inf,-inf,-90.0
-21.81818181818182,46.875,51.7039522942999,quadratic.png,-inf,0.0,-90.0
-21.81818181818182,-4.375,22.252498350774903,quadratic.png,-inf,0.0,-90.0
-21.81818181818182,100.625,102.96321519286022,quadratic.png,inf,inf,90.0
-21.81818181818182,151.875,153.43418355389792,quadratic.png,inf,0.0,90.0
-21.81818181818182,-58.125,62.08501174076751,quadratic.png,-inf,-inf,-90.0
-21.81818181818182,-109.375,111.52992281379576,quadratic.png,-inf,0.0,-90.0
-21.81818181818182,-56.875,60.91632525728419,quadratic.png,inf,inf,90.0
-21.81818181818182,-5.625,22.531615185140183,quadratic.png,inf,0.0,90.0
-21.81818181818182,-110.625,112.75603612601518,quadratic.png,-inf,-inf,-90.0
-21.81818181818182,-133.75,135.51787910770756,quadratic.png,-inf,0.0,-90.0
-21.81818181818182,155.0,156.5280583724568,quadratic.png,inf,inf,90.0
-21.81818181818182,153.125,154.67158330750752,quadratic.png,-inf,-inf,-90.0
-20.666666666666668,-145.625,147.0841654839538,quadratic.png,-259.44078947368405,inf,-89.779157718842
-20.666666666666668,-141.25,142.75389175469476,quadratic.png,inf,inf,90.0
-20.606060606060606,-140.625,142.1267052974234,quadratic.png,10.312499999999707,-inf,84.46136246720933
-20.606060606060606,-146.25,147.6945233707081,quadratic.png,-inf,-inf,-90.0
-20.606060606060606,-133.75,135.3280171793729,quadratic.png,inf,inf,90.0
-20.545454545454547,-136.875,138.40838604463005,quadratic.png,-51.562500000001556,-inf,-88.88894840867671
-20.545454545454547,-134.375,135.9365893623911,quadratic.png,inf,inf,90.0
-20.484848484848484,-133.75,135.309613544076,quadratic.png,10.312499999999707,-inf,84.46136246720933
-20.363636363636363,-141.25,142.71033664717638,quadratic.png,-61.87500000000006,-595.5468749999985,-89.07408821359994
-20.363636363636363,-140.625,142.09176017964734,quadratic.png,inf,inf,90.0
-20.363636363636363,-146.25,147.6608959269529,quadratic.png,-inf,-inf,-90.0
-20.363636363636363,-145.625,147.04189304735712,quadratic.png,inf,inf,90.0
-20.303030303030305,-141.875,143.32037072407317,quadratic.png,61.87500000000187,-inf,89.07408821359996
-20.303030303030305,-145.0,146.41452468756563,quadratic.png,-inf,-inf,-90.0
-15.636363636363637,-141.25,142.11283674520254,quadratic.png,0.8035714285714284,inf,38.78436410029734
-15.636363636363637,-140.625,141.49164813786217,quadratic.png,inf,inf,90.0
-15.636363636363637,-145.625,146.46206502971543,quadratic.png,-inf,-inf,-90.0
-15.636363636363637,-146.25,147.08350814339653,quadratic.png,-inf,0.0,-90.0
-15.575757575757576,-141.25,142.10618116063344,quadratic.png,82.50000000000007,inf,89.30553971245023
-15.575757575757576,-145.625,146.45560709327168,quadratic.png,-inf,-inf,-90.0
-15.515151515151516,-146.25,147.07067153765945,quadratic.png,-10.312500000000009,inf,-84.4613624672095
-15.515151515151516,-140.625,141.47830417254127,quadratic.png,inf,inf,90.0
-15.454545454545455,-140.625,141.47167066309288,quadratic.png,0.0,-inf,0.0
-15.454545454545455,-133.75,134.63991040997692,quadratic.png,inf,inf,90.0
-15.393939393939394,-134.375,135.25388717173448,quadratic.png,-10.312500000000009,-inf,-84.4613624672095
-15.393939393939394,-136.875,137.73793593293126,quadratic.png,-inf,-inf,-90.0
-15.393939393939394,-140.625,141.465062807268,quadratic.png,-inf,0.0,-90.0
-15.333333333333334,-141.875,142.70117986937288,quadratic.png,-20.625000000000018,inf,-87.22419655121688
-15.333333333333334,-142.5,143.3225771157884,quadratic.png,-inf,-inf,-90.0
-15.333333333333334,-143.125,143.94400555810273,quadratic.png,-inf,0.0,-90.0
-15.333333333333334,-133.75,134.62605101209465,quadratic.png,inf,inf,90.0
-15.272727272727273,-146.25,147.04529471678822,quadratic.png,-206.25000000000017,-inf,-89.7222044579229
-15.272727272727273,-141.875,142.6946804311468,quadratic.png,inf,inf,90.0
-14.121212121212121,166.25,166.84864737771255,quadratic.png,267.5822368421051,-inf,89.78587699448099
-14.121212121212121,162.5,163.11241102924163,quadratic.png,-inf,-inf,-90.0
-14.06060606060606,166.875,167.46631382995074,quadratic.png,72.18750000000007,inf,89.20634299696816
-14.06060606060606,161.25,161.861864386864,quadratic.png,-inf,-inf,-90.0
-14.06060606060606,167.5,168.08911518236852,quadratic.png,inf,inf,90.0
-14.06060606060606,161.875,162.48451085500903,quadratic.png,-inf,-inf,-90.0
-14.0,167.5,168.08405635276654,quadratic.png,92.81250000000009,inf,89.38269562234186
-14.0,161.25,161.8566109246082,quadratic.png,-inf,-inf,-90.0
-13.93939393939394,168.125,168.70187411050776,quadratic.png,113.4375000000001,inf,89.49492632156806
-13.93939393939394,160.625,161.2287112408879,quadratic.png,-inf,-inf,-90.0
-13.818181818181818,160.625,161.2182767981358,quadratic.png,0.0,inf,0.0
-13.696969696969697,159.375,159.9624881148068,quadratic.png,-10.312500000000009,-85.07812500000014,-84.4613624672095
-13.696969696969697,168.125,168.68201624322526,quadratic.png,inf,inf,90.0
-13.696969696969697,160.625,161.20793281932407,quadratic.png,-inf,-inf,-90.0
-13.636363636363637,167.5,168.05415916668989,quadratic.png,113.4375000000001,inf,89.49492632156806
-13.575757575757576,159.375,159.9521547799708,quadratic.png,-134.0625000000001,-4083.7500000000073,-89.5726268202733
-13.575757575757576,166.875,167.42630264912302,quadratic.png,inf,inf,90.0
-13.575757575757576,167.5,168.04925228561933,quadratic.png,inf,0.0,90.0
-13.515151515151516,166.25,166.79844669683678,quadratic.png,-20.625000000000018,-inf,-87.22419655121688
-13.515151515151516,162.5,163.06106009859468,quadratic.png,-inf,-inf,-90.0
-13.333333333333334,161.875,162.4231923180239,quadratic.png,-3.437500000000003,inf,-73.77980630439723
-13.333333333333334,166.25,166.78381299687862,quadratic.png,inf,inf,90.0
-13.272727272727273,166.25,166.77897885901626,quadratic.png,0.0,-inf,0.0
-13.272727272727273,161.25,161.7953268461614,quadratic.png,-inf,-inf,-90.0
-13.272727272727273,161.875,162.4182283928014,quadratic.png,inf,inf,90.0
-13.272727272727273,160.625,161.17244154710878,quadratic.png,-inf,-inf,-90.0
-13.212121212121213,161.25,161.79036636006418,quadratic.png,10.312500000000009,inf,84.4613624672095
-13.030303030303031,161.25,161.77562021844182,quadratic.png,0.0,-56.7187500000001,0.0
-12.96969696969697,161.875,162.39374576776584,quadratic.png,10.312500000000009,170.15625000000028,84.4613624672095
-12.96969696969697,166.25,166.75513647107175,quadratic.png,inf,inf,90.0
-12.90909090909091,166.25,166.75043366689988,quadratic.png,0.0,-inf,0.0
-12.90909090909091,160.625,161.14290320426517,quadratic.png,-inf,-inf,-90.0
-12.727272727272728,162.5,162.99764866731783,quadratic.png,10.312500000000009,inf,84.4613624672095
-12.727272727272728,161.875,162.37456419056028,quadratic.png,-inf,-inf,-90.0
-12.666666666666668,161.25,161.7467370441965,quadratic.png,-10.312500000000009,inf,-84.4613624672095
-12.666666666666668,160.625,161.1236639027441,quadratic.png,-inf,-inf,-90.0
-12.666666666666668,165.625,166.1086544086263,quadratic.png,inf,inf,90.0
-12.666666666666668,166.25,166.73184142341992,quadratic.png,inf,0.0,90.0
-12.606060606060606,163.75,164.23451301113195,quadratic.png,-41.24999999999883,-inf,-88.61128341044864
-12.424242424242424,163.75,164.2206573480217,quadratic.png,0.0,226.87499999999375,0.0
-12.424242424242424,165.625,166.09034416490425,quadratic.png,inf,inf,90.0
-12.363636363636363,166.25,166.70909394550804,quadratic.png,10.312500000000009,-inf,84.4613624672095
-12.363636363636363,165.0,165.46256224334323,quadratic.png,-inf,-inf,-90.0
-12.363636363636363,164.375,164.83931609034366,quadratic.png,-inf,0.0,-90.0
-12.303030303030303,165.625,166.08132098353892,quadratic.png,20.625000000000018,inf,87.22419655121688
-12.303030303030303,160.625,161.0954846655774,quadratic.png,-inf,-inf,-90.0
-12.121212121212121,163.125,163.57472117747113,quadratic.png,13.750000000000012,inf,85.84035770628736
-12.121212121212121,163.75,164.19800937675043,quadratic.png,inf,inf,90.0
-12.06060606060606,165.625,166.06353857349038,quadratic.png,30.93750000000003,-inf,88.14865978286731
-12.06060606060606,161.25,161.700404200327,quadratic.png,-inf,-inf,-90.0
-12.06060606060606,162.5,162.9469490924857,quadratic.png,inf,inf,90.0
-12.06060606060606,164.375,164.81686456048462,quadratic.png,inf,0.0,90.0
-12.0,166.25,166.68252007934126,quadratic.png,30.93750000000003,-inf,88.14865978286731
-12.0,160.625,161.0726253123106,quadratic.png,-inf,-inf,-90.0
-11.818181818181818,166.25,166.66952907321604,quadratic.png,30.93750000000003,inf,88.14865978286731
-11.818181818181818,160.625,161.05918181366627,quadratic.png,-inf,-inf,-90.0
-11.757575757575758,161.25,161.678084747733,quadratic.png,10.312500000000009,inf,84.4613624672095
-11.757575757575758,165.625,166.04180561742615,quadratic.png,inf,inf,90.0
-11.696969696969697,166.25,166.66097803652727,quadratic.png,10.312500000000009,-inf,84.4613624672095
-11.696969696969697,168.75,169.15490415619593,quadratic.png,inf,inf,90.0
-11.696969696969697,160.625,161.05033289345238,quadratic.png,-inf,-inf,-90.0
-11.636363636363637,160.625,161.04594246263295,quadratic.png,0.0,inf,0.0
-11.636363636363637,168.75,169.15072408558495,quadratic.png,inf,inf,90.0
-11.454545454545455,165.625,166.02062292549758,quadratic.png,-17.187500000000014,-inf,-86.67018127114831
-11.454545454545455,160.625,161.0329073095628,quadratic.png,-inf,-inf,-90.0
-11.454545454545455,163.75,164.15014197852602,quadratic.png,inf,inf,90.0
-11.454545454545455,166.25,166.64413914557645,quadratic.png,inf,0.0,90.0
-11.393939393939394,164.375,164.76942216295097,quadratic.png,-30.93750000000003,-inf,-88.14865978286731
-11.393939393939394,161.25,161.65204717204406,quadratic.png,-inf,-inf,-90.0
-11.393939393939394,165.0,165.39293169574316,quadratic.png,inf,inf,90.0
-11.393939393939394,163.75,164.14592396679475,quadratic.png,-inf,-inf,-90.0
-11.393939393939394,166.25,166.6399842622195,quadratic.png,inf,inf,90.0
-11.333333333333334,164.375,164.76524229777482,quadratic.png,-30.93750000000003,-inf,-88.14865978286731
-11.333333333333334,165.625,166.0123039700505,quadratic.png,inf,inf,90.0
-11.333333333333334,165.0,165.38876758850478,quadratic.png,-inf,-inf,-90.0
-11.333333333333334,160.625,161.02433067534994,quadratic.png,-inf,0.0,-90.0
-11.272727272727273,165.625,166.00817752498006,quadratic.png,82.50000000000007,inf,89.30553971245023
-11.272727272727273,166.25,166.63174031427894,quadratic.png,inf,inf,90.0
-11.151515151515152,166.25,166.6235841355433,quadratic.png,0.0,-inf,0.0
-11.151515151515152,165.625,165.9999907083566,quadratic.png,-inf,-inf,-90.0
-11.030303030303031,165.625,165.9918920006044,quadratic.png,0.0,inf,0.0
-11.030303030303031,163.125,163.49750215199103,quadratic.png,-inf,-inf,-90.0
-11.030303030303031,161.25,161.6268235316784,quadratic.png,-inf,0.0,-90.0
-10.96969696969697,160.625,160.9991455772576,quadratic.png,-10.312500000000009,inf,-84.4613624672095
-10.96969696969697,163.75,164.1170215169864,quadratic.png,inf,inf,90.0
-10.96969696969697,166.25,166.6115144628575,quadratic.png,inf,0.0,90.0
-10.787878787878789,160.625,160.98685956854357,quadratic.png,-30.93750000000003,-inf,-88.14865978286731
-10.727272727272728,166.25,166.59572887731932,quadratic.png,92.81250000000009,2041.8750000000036,89.38269562234186
-10.727272727272728,161.25,161.6064258628514,quadratic.png,-inf,-inf,-90.0
-10.727272727272728,163.75,164.10099597554333,quadratic.png,inf,inf,90.0
-10.727272727272728,165.625,165.9720307918334,quadratic.png,inf,0.0,90.0
-10.666666666666668,165.0,165.3444216711824,quadratic.png,-10.312500000000009,-inf,-84.4613624672095
-10.666666666666668,160.625,160.97878246147155,quadratic.png,-inf,-inf,-90.0
-10.666666666666668,164.375,164.72072851580575,quadratic.png,inf,inf,90.0
-10.606060606060606,165.0,165.34052292641218,quadratic.png,10.312499999999707,-inf,84.46136246720933
-10.606060606060606,160.625,160.9747779826996,quadratic.png,-inf,-inf,-90.0
-10.484848484848484,-144.375,144.75521639219164,quadratic.png,-2516.2500000000023,inf,-89.9772296963749
-10.484848484848484,166.25,166.58029459618035,quadratic.png,inf,inf,90.0
-10.424242424242424,167.5,167.82405915159893,quadratic.png,20.625000000000018,-inf,87.22419655121688
-10.424242424242424,166.25,166.5764909287003,quadratic.png,-inf,-inf,-90.0
-10.424242424242424,-143.75,144.12746903390544,quadratic.png,-inf,0.0,-90.0
-10.424242424242424,-143.125,143.50411302509548,quadratic.png,inf,inf,90.0
-10.363636363636363,165.0,165.32514920204272,quadratic.png,5084.062500000005,-inf,89.9887303158106
-10.363636363636363,160.625,160.9589872721548,quadratic.png,-inf,-inf,-90.0
-10.363636363636363,168.125,168.44411709429832,quadratic.png,inf,inf,90.0
-10.363636363636363,166.875,167.19650290504788,quadratic.png,-inf,-inf,-90.0
-10.363636363636363,-133.75,134.1509129997917,quadratic.png,-inf,0.0,-90.0
-10.363636363636363,161.875,162.20641350969353,quadratic.png,inf,inf,90.0
-10.303030303030303,-134.375,134.76940698253873,quadratic.png,-4888.125000000005,-inf,-89.98827857742718
-10.303030303030303,-136.875,137.26222371222593,quadratic.png,-inf,-inf,-90.0
-10.303030303030303,161.25,161.57881956935185,quadratic.png,inf,inf,90.0
-10.303030303030303,166.25,166.5689494876676,quadratic.png,inf,0.0,90.0
-10.303030303030303,165.625,165.94515075296763,quadratic.png,-inf,-inf,-90.0
-10.242424242424242,-133.75,134.14160336883484,quadratic.png,-4939.687500000005,inf,-89.98840093047782
-10.242424242424242,-144.375,144.73785917776246,quadratic.png,-inf,-inf,-90.0
-10.242424242424242,-140.625,140.99751018851998,quadratic.png,inf,inf,90.0
-10.242424242424242,-141.25,141.6208662392721,quadratic.png,-inf,-inf,-90.0
-10.181818181818182,165.625,165.93766916070504,quadratic.png,5063.437500000005,inf,89.98868441078454
-10.181818181818182,-145.0,145.3570411830387,quadratic.png,-inf,-inf,-90.0
-10.181818181818182,-146.25,146.6039969492224,quadratic.png,-inf,0.0,-90.0
-10.181818181818182,166.25,166.56149591513523,quadratic.png,inf,inf,90.0
-10.181818181818182,161.25,161.57113579314716,quadratic.png,-inf,-inf,-90.0
-10.121212121212121,-140.625,140.9887568560081,quadratic.png,-4980.937500000005,inf,-89.988496989022
-10.121212121212121,-146.25,146.59980025498865,quadratic.png,-inf,-inf,-90.0
-10.121212121212121,-143.75,144.10586884232916,quadratic.png,inf,inf,90.0
-10.121212121212121,-145.0,145.35280848611964,quadratic.png,-inf,-inf,-90.0
-10.121212121212121,160.625,160.94356016878268,quadratic.png,inf,inf,90.0
-10.06060606060606,-144.375,144.7251063889977,quadratic.png,-5032.500000000005,-inf,-89.9886148477379
-10.0,168.75,169.04603662907925,quadratic.png,5166.562500000005,168284.5312500003,89.98891027084302
-10.0,168.125,168.422135199029,quadratic.png,-inf,-inf,-90.0
-10.0,166.25,166.55048033554272,quadratic.png,-inf,0.0,-90.0
-10.0,160.625,160.9359830025591,quadratic.png,-inf,0.0,-90.0
-9.93939393939394,160.625,160.932228521457,quadratic.png,0.0,inf,0.0
-9.93939393939394,166.25,166.54685242262147,quadratic.png,inf,inf,90.0
-9.93939393939394,168.125,168.41854760352987,quadratic.png,inf,0.0,90.0
-9.93939393939394,168.75,169.0424622746677,quadratic.png,inf,0.0,90.0
-9.757575757575758,161.875,162.16881916590756,quadratic.png,-37.812500000000036,-inf,-88.48509282778659
-9.757575757575758,165.0,165.28826420730792,quadratic.png,inf,inf,90.0
-9.696969696969697,162.5,162.7890697230743,quadratic.png,-41.250000000000036,-inf,-88.61128341044868
-9.696969696969697,164.375,164.66077810548555,quadratic.png,inf,inf,90.0
-9.636363636363637,166.25,166.5290425245165,quadratic.png,30.93750000000003,-inf,88.14865978286731
-9.636363636363637,160.625,160.91379719940807,quadratic.png,-inf,-inf,-90.0
-9.575757575757576,165.625,165.9015845558736,quadratic.png,82.50000000000007,inf,89.30553971245023
-9.575757575757576,161.25,161.53407576468092,quadratic.png,-inf,-inf,-90.0
-9.333333333333334,161.25,161.51988611657424,quadratic.png,0.0,inf,0.0
-9.333333333333334,160.625,160.89593449217762,quadratic.png,-inf,-inf,-90.0
-9.333333333333334,166.25,166.51178219907175,quadratic.png,inf,inf,90.0
-9.333333333333334,165.625,165.8877684945792,quadratic.png,-inf,-inf,-90.0
-8.96969696969697,-158.125,158.3792003033485,quadratic.png,-890.3125000000008,inf,-89.93564534315908
-8.90909090909091,-152.5,152.7600140770694,quadratic.png,92.81250000000009,16221.56250000003,89.38269562234186
-8.84848484848485,-152.5,152.75649146309254,quadratic.png,0.0,-1531.4062500000027,0.0
-8.84848484848485,160.625,160.868537349955,quadratic.png,inf,inf,90.0
-8.84848484848485,168.125,168.35768859518672,quadratic.png,inf,0.0,90.0
-8.84848484848485,-153.125,153.38044630628073,quadratic.png,-inf,-inf,-90.0
-8.84848484848485,-153.75,154.00440962554893,quadratic.png,-inf,0.0,-90.0
-8.84848484848485,-157.5,157.74836190627738,quadratic.png,-inf,0.0,-90.0
-8.84848484848485,-158.125,158.37238177508686,quadratic.png,-inf,0.0,-90.0
-8.787878787878789,-155.625,155.8729207995746,quadratic.png,41.250000000000036,inf,88.61128341044868
-8.787878787878789,160.625,160.86521512928283,quadratic.png,inf,inf,90.0
-8.787878787878789,-153.75,154.0009393269744,quadratic.png,-inf,-inf,-90.0
-8.787878787878789,-153.125,153.37696188994764,quadratic.png,inf,inf,90.0
-8.787878787878789,164.375,164.60974284224628,quadratic.png,inf,0.0,90.0
-8.787878787878789,167.5,167.73036938369404,quadratic.png,inf,0.0,90.0
-8.787878787878789,-156.25,156.4969306842484,quadratic.png,-inf,-inf,-90.0
-8.787878787878789,165.625,165.85797369614295,quadratic.png,inf,inf,90.0
-8.787878787878789,-156.875,157.12094843969868,quadratic.png,-inf,-inf,-90.0
-8.727272727272727,165.0,165.2306427066608,quadratic.png,5310.937499999849,inf,89.98921173920124
-8.727272727272727,-155.625,155.86951566697127,quadratic.png,-inf,-inf,-90.0
-8.727272727272727,168.125,168.35136148619708,quadratic.png,inf,inf,90.0
-8.727272727272727,-154.375,154.62149240728533,quadratic.png,-inf,-inf,-90.0
-8.727272727272727,-155.0,155.24550006121336,quadratic.png,-inf,0.0,-90.0
-8.666666666666666,-155.625,155.86613402567957,quadratic.png,-10.312500000000009,inf,-84.4613624672095
-8.666666666666666,-155.0,155.2421048269802,quadratic.png,inf,inf,90.0
-8.666666666666666,-154.375,154.61808347056663,quadratic.png,inf,0.0,90.0
-8.666666666666666,167.5,167.72406240939642,quadratic.png,inf,0.0,90.0
-8.606060606060606,-157.5,157.73494945368066,quadratic.png,-5362.500000000005,-inf,-89.98931547247572
-8.606060606060606,-153.125,153.36665186459274,quadratic.png,inf,inf,90.0
-8.606060606060606,-156.875,157.11088410468318,quadratic.png,-inf,-inf,-90.0
-8.606060606060606,-153.75,153.9906710783325,quadratic.png,inf,inf,90.0
-8.606060606060606,165.0,165.22428477422798,quadratic.png,inf,0.0,90.0
-8.606060606060606,-154.375,154.61469821512827,quadratic.png,-inf,-inf,-90.0
-8.545454545454545,-157.5,157.7316543797992,quadratic.png,-51.56250000000004,inf,-88.8889484086767
-8.545454545454545,164.375,164.59697876446103,quadratic.png,inf,inf,90.0
-8.545454545454545,-152.5,152.73923789710497,quadratic.png,-inf,-inf,-90.0
-8.545454545454545,-156.875,157.10757594205452,quadratic.png,-inf,0.0,-90.0
-8.545454545454545,-158.125,158.35574008664298,quadratic.png,-inf,0.0,-90.0
-8.484848484848484,167.5,167.71476575963976,quadratic.png,5372.812500000005,inf,89.98933598020562
-8.484848484848484,-158.125,158.35248112615992,quadratic.png,-inf,-inf,-90.0
-8.484848484848484,-152.5,152.73585909605785,quadratic.png,inf,inf,90.0
-8.484848484848484,165.0,165.2180155243696,quadratic.png,inf,0.0,90.0
-8.484848484848484,-155.625,155.8561300649122,quadratic.png,-inf,-inf,-90.0
-8.424242424242424,168.125,168.33592452421559,quadratic.png,5341.875000000005,inf,89.98927421947467
-8.363636363636363,162.5,162.71508969122422,quadratic.png,-92.81250000000009,-89672.34375000016,-89.38269562234186
-8.363636363636363,166.25,166.46024424235097,quadratic.png,inf,inf,90.0
-8.303030303030303,162.5,162.7119857669159,quadratic.png,-61.87500000000006,-inf,-89.07408821359994
-8.303030303030303,-155.625,155.84633758036483,quadratic.png,-inf,-inf,-90.0
-8.303030303030303,161.875,162.08780317227155,quadratic.png,inf,inf,90.0
-8.303030303030303,161.25,161.46362690158128,quadratic.png,-inf,-inf,-90.0
-8.303030303030303,166.25,166.4572101538802,quadratic.png,inf,inf,90.0
-8.242424242424242,160.625,160.83633974444987,quadratic.png,-92.81250000000009,-inf,-89.38269562234186
-8.181818181818182,-157.5,157.7123715780101,quadratic.png,-5249.062500000005,-85078.12500000015,-89.98908456913594
-8.181818181818182,-156.875,157.08821653376913,quadratic.png,inf,inf,90.0
-8.181818181818182,161.25,161.45743912486762,quadratic.png,inf,0.0,90.0
-8.121212121212121,-156.25,156.46091072954204,quadratic.png,-5238.750000000005,-inf,-89.98906308206783
-8.121212121212121,-158.125,158.33341312343939,quadratic.png,-inf,-inf,-90.0
-8.121212121212121,-155.625,155.83675661190375,quadratic.png,inf,inf,90.0
-8.121212121212121,-153.75,153.96433543622277,quadratic.png,inf,0.0,90.0
-8.121212121212121,-154.375,154.58846888211852,quadratic.png,-inf,-inf,-90.0
-8.06060606060606,-153.75,153.96115052202057,quadratic.png,10.312500000000009,inf,84.4613624672095
-8.06060606060606,161.25,161.45134211292356,quadratic.png,inf,inf,90.0
-8.06060606060606,160.625,160.8271245625696,quadratic.png,-inf,-inf,-90.0
-8.0,162.5,162.6968039022279,quadratic.png,30.93750000000003,inf,88.14865978286731
-8.0,161.875,162.07256283837805,quadratic.png,-inf,-inf,-90.0
-8.0,161.25,161.44832764695954,quadratic.png,-inf,0.0,-90.0
-8.0,165.625,165.81809498664492,quadratic.png,inf,inf,90.0
-8.0,166.25,166.4423699062231,quadratic.png,inf,0.0,90.0
-7.9393939393939394,160.625,160.8210950128275,quadratic.png,-92.81250000000009,-inf,-89.38269562234186
-7.9393939393939394,165.625,165.81518205859464,quadratic.png,inf,inf,90.0
-7.9393939393939394,165.0,165.19090161423807,quadratic.png,-inf,-inf,-90.0
-7.9393939393939394,-153.75,153.95485207074472,quadratic.png,-inf,0.0,-90.0
-7.9393939393939394,-155.625,155.8273871985438,quadratic.png,-inf,0.0,-90.0
-7.9393939393939394,161.25,161.44533587603232,quadratic.png,inf,inf,90.0
-7.9393939393939394,163.125,163.31809330605378,quadratic.png,inf,0.0,90.0
-7.878787878787879,166.25,166.43658791996108,quadratic.png,51.56250000000004,-inf,88.8889484086767
-7.878787878787879,160.625,160.81811441326795,quadratic.png,-inf,-inf,-90.0
-7.878787878787879,-153.75,153.9517385365912,quadratic.png,-inf,0.0,-90.0
-7.878787878787879,-154.375,154.57592284517966,quadratic.png,-inf,0.0,-90.0
-7.878787878787879,-155.0,155.20011371915595,quadratic.png,-inf,0.0,-90.0
-7.818181818181818,-158.125,158.31815938780412,quadratic.png,-51.56250000000004,inf,-88.8889484086767
-7.818181818181818,-154.375,154.5728455840228,quadratic.png,inf,inf,90.0
-7.696969696969697,160.625,160.8093093310088,quadratic.png,2598.7500000000023,-inf,89.97795256308412
-7.696969696969697,166.25,166.42808009021817,quadratic.png,inf,inf,90.0
-7.636363636363637,-158.125,158.30928486537604,quadratic.png,-5352.187500000005,-inf,-89.98929488571797
-7.636363636363637,166.25,166.4252881913887,quadratic.png,inf,inf,90.0
-7.636363636363637,160.625,160.8064198798878,quadratic.png,-inf,-inf,-90.0
-7.636363636363637,165.0,165.17661471766147,quadratic.png,inf,inf,90.0
-7.636363636363637,-153.75,153.9395223767658,quadratic.png,-inf,-inf,-90.0
-7.636363636363637,-157.5,157.68501529817846,quadratic.png,-inf,0.0,-90.0
-7.575757575757576,-158.125,158.30637298557076,quadratic.png,-10.312500000000009,inf,-84.4613624672095
-7.575757575757576,-153.75,153.93652783808867,quadratic.png,inf,inf,90.0
-7.575757575757576,-157.5,157.6820918901276,quadratic.png,-inf,-inf,-90.0
-7.575757575757576,-155.0,155.1850253821117,quadratic.png,inf,inf,90.0
-7.575757575757576,-154.375,154.56077357417257,quadratic.png,inf,0.0,90.0
-7.575757575757576,165.625,165.7981686504608,quadratic.png,inf,0.0,90.0
-7.515151515151516,-156.25,156.43062360770568,quadratic.png,-5310.937500000005,-inf,-89.98921173920124
-7.515151515151516,166.25,166.4197704670202,quadratic.png,inf,inf,90.0
-7.515151515151516,-155.625,155.80634816109287,quadratic.png,-inf,-inf,-90.0
-7.454545454545455,-156.25,156.4277237190834,quadratic.png,-10.312500000000009,inf,-84.4613624672095
-7.454545454545455,-155.0,155.17915532678313,quadratic.png,inf,inf,90.0
-7.3939393939393945,-155.0,155.1762557215544,quadratic.png,0.0,-inf,0.0
-7.3939393939393945,165.625,165.78996038590893,quadratic.png,inf,inf,90.0
-7.3939393939393945,-157.5,157.67346111429546,quadratic.png,-inf,-inf,-90.0
-7.3939393939393945,-156.875,157.04915142961215,quadratic.png,inf,inf,90.0
-7.333333333333334,-158.125,158.294956972033,quadratic.png,-20.625000000000018,-inf,-87.22419655121688
-7.333333333333334,-153.75,153.9247877301696,quadratic.png,inf,inf,90.0
-7.333333333333334,160.625,160.7923145015886,quadratic.png,inf,0.0,90.0
-7.333333333333334,165.0,165.1628825668097,quadratic.png,inf,0.0,90.0
-7.333333333333334,166.25,166.411659080059,quadratic.png,inf,0.0,90.0
-7.272727272727273,165.625,165.7845987629233,quadratic.png,-10.312500000000009,-inf,-84.4613624672095
-7.272727272727273,-153.75,153.92191222169595,quadratic.png,-inf,-inf,-90.0
-7.272727272727273,-158.125,158.29216085133044,quadratic.png,-inf,0.0,-90.0
-7.272727272727273,160.625,160.78956180978747,quadratic.png,inf,inf,90.0
-7.151515151515151,-151.875,152.04328263347364,quadratic.png,-2578.124999999983,-inf,-89.97777618360642
-7.151515151515151,-158.125,158.28663807776812,quadratic.png,-inf,-inf,-90.0
-7.151515151515151,-153.75,153.91623263633485,quadratic.png,inf,inf,90.0
-7.090909090909091,-151.875,152.0404440165035,quadratic.png,30.93750000000003,-inf,88.14865978286731
-7.090909090909091,-157.5,157.65954139136502,quadratic.png,-inf,-inf,-90.0
-7.090909090909091,-153.75,153.91342856208337,quadratic.png,inf,inf,90.0
-7.090909090909091,-158.125,158.28391142733219,quadratic.png,-inf,-inf,-90.0
-7.090909090909091,165.0,165.15229635622853,quadratic.png,inf,inf,90.0
-7.090909090909091,161.875,162.03023365019115,quadratic.png,-inf,-inf,-90.0
-7.090909090909091,-154.375,154.5377676062895,quadratic.png,-inf,0.0,-90.0
-7.03030303030303,162.5,162.6520063223872,quadratic.png,5228.437500000005,inf,89.98904151023812
-7.03030303030303,164.375,164.52527400280445,quadratic.png,inf,inf,90.0
-6.96969696969697,166.25,166.3960311301006,quadratic.png,30.93750000000003,-inf,88.14865978286731
-6.96969696969697,160.625,160.77614033447065,quadratic.png,-inf,-inf,-90.0
-6.909090909090909,165.625,165.76904464401693,quadratic.png,82.50000000000007,inf,89.30553971245023
-6.909090909090909,161.25,161.3979492967308,quadratic.png,-inf,-inf,-90.0
-6.909090909090909,-158.125,158.2758704357366,quadratic.png,-inf,0.0,-90.0
-6.909090909090909,-155.625,155.7782916910764,quadratic.png,inf,inf,90.0
-6.909090909090909,-154.375,154.5295316830737,quadratic.png,inf,0.0,90.0
-6.909090909090909,-157.5,157.65146855386436,quadratic.png,-inf,-inf,-90.0
-6.848484848484849,-153.75,153.9024504181786,quadratic.png,61.87500000000006,inf,89.07408821359994
-6.848484848484849,-155.0,155.15122218248854,quadratic.png,-inf,-inf,-90.0
-6.848484848484849,-157.5,157.64882411461218,quadratic.png,-inf,0.0,-90.0
-6.848484848484849,-154.375,154.5268338176898,quadratic.png,inf,inf,90.0
-6.848484848484849,-155.625,155.77561545286838,quadratic.png,-inf,-inf,-90.0
-6.787878787878788,-155.625,155.7729627484787,quadratic.png,0.0,inf,0.0
-6.787878787878788,-153.75,153.89976542684832,quadratic.png,inf,inf,90.0
-6.787878787878788,-158.125,158.2706255861742,quadratic.png,-inf,-inf,-90.0
-6.787878787878788,-156.25,156.39737145629698,quadratic.png,inf,inf,90.0
-6.7272727272727275,-155.625,155.7703335791097,quadratic.png,10.312500000000009,-inf,84.4613624672095
-6.7272727272727275,166.25,166.38605319661593,quadratic.png,inf,inf,90.0
-6.7272727272727275,160.625,160.76581360272806,quadratic.png,-inf,-inf,-90.0
-6.7272727272727275,-158.125,158.2680379083127,quadratic.png,-inf,0.0,-90.0
-6.7272727272727275,-156.25,156.3947527839317,quadratic.png,inf,inf,90.0
-6.7272727272727275,-153.75,153.8971042558862,quadratic.png,inf,0.0,90.0
-6.666666666666667,165.625,165.75911760577287,quadratic.png,5269.687500000005,-inf,89.98912729097782
-6.666666666666667,-157.5,157.64103033298292,quadratic.png,-inf,-inf,-90.0
-6.666666666666667,-158.125,158.26547339658276,quadratic.png,-inf,0.0,-90.0
-6.666666666666667,161.25,161.38775339053595,quadratic.png,inf,inf,90.0
-6.666666666666667,-156.875,157.01659170114618,quadratic.png,-inf,-inf,-90.0
-6.666666666666667,-154.375,154.51888256599725,quadratic.png,inf,inf,90.0
-6.666666666666667,-156.25,156.39215755415756,quadratic.png,-inf,-inf,-90.0
-6.606060606060606,-157.5,157.63847892164827,quadratic.png,-20.625000000000018,inf,-87.22419655121688
-6.606060606060606,-156.25,156.3895857681417,quadratic.png,inf,inf,90.0
-6.606060606060606,-154.375,154.5162796009888,quadratic.png,inf,0.0,90.0
-6.606060606060606,-153.75,153.89185337999848,quadratic.png,inf,0.0,90.0
-6.545454545454546,166.25,166.37880115930218,quadratic.png,5280.000000000005,-inf,89.98914852673713
-6.545454545454546,165.625,165.75428682301586,quadratic.png,-inf,-inf,-90.0
-6.484848484848485,168.125,168.25001897435686,quadratic.png,41.250000000000036,inf,88.61128341044868
-6.484848484848485,166.875,167.00095474239492,quadratic.png,-inf,-inf,-90.0
-6.484848484848485,161.25,161.38034502339943,quadratic.png,-inf,0.0,-90.0
-6.484848484848485,165.0,165.12738494832237,quadratic.png,inf,inf,90.0
-6.424242424242425,160.625,160.75341836404422,quadratic.png,-72.18750000000007,-inf,-89.20634299696816
-6.424242424242425,161.875,162.0024274994836,quadratic.png,inf,inf,90.0
-6.424242424242425,168.125,168.2476939388039,quadratic.png,inf,0.0,90.0
-6.424242424242425,166.875,166.9986123167658,quadratic.png,-inf,-inf,-90.0
-6.424242424242425,165.625,165.7495445415324,quadratic.png,-inf,0.0,-90.0
-6.363636363636364,166.25,166.37174750470282,quadratic.png,10.312500000000009,inf,84.4613624672095
-6.363636363636364,161.25,161.3755197288876,quadratic.png,-inf,-inf,-90.0
-6.303030303030303,165.625,165.74489076891908,quadratic.png,72.187499999999,inf,89.20634299696815
-6.303030303030303,161.25,161.37314116977745,quadratic.png,-inf,-inf,-90.0
-6.242424242424242,160.625,160.7462549654654,quadratic.png,-10.312500000000009,inf,-84.4613624672095
-6.242424242424242,166.25,166.36715529341242,quadratic.png,inf,inf,90.0
-6.121212121212121,168.125,168.23639577342612,quadratic.png,15.468750000000014,-inf,86.30117734936658
-6.121212121212121,168.75,168.86098346815606,quadratic.png,inf,inf,90.0
-6.121212121212121,160.625,160.74159344374087,quadratic.png,-inf,-inf,-90.0
-6.121212121212121,166.25,166.3626512707491,quadratic.png,inf,inf,90.0
-6.0606060606060606,166.25,166.36043233239644,quadratic.png,0.0,-inf,0.0
-6.0606060606060606,168.125,168.23420154897713,quadratic.png,inf,inf,90.0
-6.0606060606060606,168.75,168.85879735987064,quadratic.png,inf,0.0,90.0
-6.0606060606060606,160.625,160.73929690906905,quadratic.png,-inf,-inf,-90.0
-5.878787878787879,162.5,162.60630414262477,quadratic.png,10.312500000000009,inf,84.4613624672095
-5.878787878787879,164.375,164.48009232707705,quadratic.png,inf,inf,90.0
-5.818181818181818,161.25,161.35493094315223,quadratic.png,-51.56250000000004,-inf,-88.8889484086767
-5.818181818181818,161.875,161.97952606631932,quadratic.png,inf,inf,90.0
-5.818181818181818,165.625,165.72716091416464,quadratic.png,inf,0.0,90.0
-5.818181818181818,165.0,165.1025476474225,quadratic.png,-inf,-inf,-90.0
-5.757575757575758,160.625,160.7281565364458,quadratic.png,-72.18750000000007,inf,-89.20634299696816
-5.757575757575758,166.25,166.34966840545317,quadratic.png,inf,inf,90.0
-5.515151515151516,166.25,166.34145423265687,quadratic.png,0.0,-inf,0.0
-5.515151515151516,160.625,160.71965505573698,quadratic.png,-inf,-inf,-90.0
-5.454545454545455,165.625,165.7147932174907,quadratic.png,82.50000000000007,inf,89.30553971245023
-5.454545454545455,165.0,165.0901331579683,quadratic.png,-inf,-inf,-90.0
-5.454545454545455,161.25,161.3422280933163,quadratic.png,-inf,0.0,-90.0
-5.454545454545455,161.875,161.96687220266898,quadratic.png,inf,inf,90.0
-5.3939393939393945,-145.0,145.1002914614078,quadratic.png,-5063.437500000005,-inf,-89.98868441078454
-5.3939393939393945,-141.875,141.97749894678907,quadratic.png,inf,inf,90.0
-5.3939393939393945,164.375,164.46347681836684,quadratic.png,inf,0.0,90.0
-5.3939393939393945,162.5,162.58949714598876,quadratic.png,-inf,-inf,-90.0
-5.333333333333334,-146.25,146.3472136545293,quadratic.png,-5094.375000000005,inf,-89.9887531289359
-5.333333333333334,-145.625,145.72263060157968,quadratic.png,inf,inf,90.0
-5.333333333333334,-141.875,141.97520934812684,quadratic.png,inf,0.0,90.0
-5.2727272727272725,-140.625,140.72381560309032,quadratic.png,20.624999999999716,-inf,87.22419655121683
-5.2727272727272725,-142.5,142.59751629286032,quadratic.png,-inf,-inf,-90.0
-5.212121212121212,166.25,166.33168281337697,quadratic.png,5094.375000000005,inf,89.9887531289359
-5.212121212121212,-133.75,133.8515173897175,quadratic.png,-inf,-inf,-90.0
-5.212121212121212,-140.625,140.72155781020138,quadratic.png,-inf,0.0,-90.0
-5.212121212121212,160.625,160.7095418216661,quadratic.png,inf,inf,90.0
-5.151515151515151,-134.375,134.47371019406094,quadratic.png,-4867.500000000005,-inf,-89.98822891038378
-5.151515151515151,166.25,166.32979471025715,quadratic.png,inf,inf,90.0
-5.151515151515151,165.0,165.08039892233205,quadratic.png,-inf,-inf,-90.0
-5.151515151515151,160.625,160.70758766578598,quadratic.png,-inf,0.0,-90.0
-5.151515151515151,-140.625,140.71932608336456,quadratic.png,-inf,0.0,-90.0
-5.151515151515151,-136.875,136.97190855557315,quadratic.png,inf,inf,90.0
-5.090909090909091,165.625,165.7032226010463,quadratic.png,4991.250000000005,-inf,89.98852075557296
-5.090909090909091,-142.5,142.5909090909091,quadratic.png,-inf,-inf,-90.0
-5.090909090909091,-141.25,141.34171307640185,quadratic.png,inf,inf,90.0
-5.090909090909091,-133.75,133.8468522430464,quadratic.png,inf,0.0,90.0
-5.090909090909091,-146.25,146.33857951808847,quadratic.png,-inf,-inf,-90.0
-5.03030303030303,-143.125,143.21337079189456,quadratic.png,51.56250000000004,inf,88.8889484086767
-5.03030303030303,-145.625,145.71185460893935,quadratic.png,-inf,-inf,-90.0
-5.03030303030303,166.25,166.32608469081654,quadratic.png,inf,inf,90.0
-5.03030303030303,-140.625,140.71494083279384,quadratic.png,-inf,-inf,-90.0
-4.909090909090909,165.625,165.6977362505406,quadratic.png,2526.5625000000023,inf,89.97732263637998
-4.848484848484849,165.0,165.07122040297025,quadratic.png,-10.312500000000009,-41858.43750000007,-84.4613624672095
-4.848484848484849,160.625,160.69815938686412,quadratic.png,-inf,-inf,-90.0
-4.848484848484849,166.25,166.3206851396602,quadratic.png,inf,inf,90.0
-4.848484848484849,165.625,165.69595176203305,quadratic.png,-inf,-inf,-90.0
-4.787878787878788,165.0,165.06945139330725,quadratic.png,-10.312500000000009,inf,-84.4613624672095
-4.787878787878788,160.625,160.69634223680208,quadratic.png,-inf,-inf,-90.0
-4.303030303030303,163.125,163.18174436740404,quadratic.png,5.156249999999996,inf,79.02434482718743
-4.303030303030303,165.625,165.68088813978756,quadratic.png,inf,inf,90.0
-4.242424242424242,161.875,161.93058324001896,quadratic.png,-61.87500000000006,-inf,-89.07408821359994
-4.242424242424242,162.5,162.55536953128527,quadratic.png,inf,inf,90.0
-4.242424242424242,166.875,166.92891837082246,quadratic.png,inf,0.0,90.0
-4.242424242424242,165.625,165.67932516899236,quadratic.png,-inf,-inf,-90.0
-4.242424242424242,163.125,163.180157459333,quadratic.png,-inf,0.0,-90.0
-4.242424242424242,166.25,166.30412100562245,quadratic.png,inf,inf,90.0
-4.181818181818182,161.875,161.92900675390368,quadratic.png,-72.18750000000007,-inf,-89.20634299696816
-4.181818181818182,162.5,162.5537991044989,quadratic.png,inf,inf,90.0
-4.121212121212121,168.125,168.1755036096162,quadratic.png,92.81250000000009,-inf,89.38269562234186
-4.121212121212121,160.625,160.67786099630536,quadratic.png,-inf,-inf,-90.0
-4.121212121212121,161.25,161.30265617573698,quadratic.png,inf,inf,90.0
-4.0606060606060606,167.5,167.54921223801512,quadratic.png,103.12500000000009,-inf,89.44442197575414
-3.9393939393939394,164.375,164.42219877379617,quadratic.png,-25.78125000000002,-1063.4765625000018,-87.77873176829675
-3.878787878787879,163.75,163.79593247516445,quadratic.png,-10.312500000000009,255.23437500000043,-84.4613624672095
-3.8181818181818183,164.375,164.419339304708,quadratic.png,10.312500000000009,340.31250000000057,84.4613624672095
-3.8181818181818183,167.5,167.54351229575167,quadratic.png,inf,inf,90.0
-3.8181818181818183,161.25,161.29519835505548,quadratic.png,-inf,-inf,-90.0
-3.757575757575758,166.875,166.91729988402616,quadratic.png,92.81250000000009,inf,89.38269562234186
-3.757575757575758,161.875,161.91860609755113,quadratic.png,-inf,-inf,-90.0
-3.757575757575758,168.125,168.16698546556017,quadratic.png,inf,inf,90.0
-3.757575757575758,160.625,160.66894535215548,quadratic.png,-inf,-inf,-90.0
-3.757575757575758,163.75,163.79310692325828,quadratic.png,inf,inf,90.0
-3.6969696969696972,167.5,167.5407937934529,quadratic.png,61.87500000000006,-inf,89.07408821359994
-3.6969696969696972,164.375,164.4165691466049,quadratic.png,-inf,-inf,-90.0
-3.6969696969696972,166.875,166.91594654178584,quadratic.png,inf,inf,90.0
-3.6969696969696972,161.25,161.29237454058486,quadratic.png,-inf,-inf,-90.0
-3.515151515151515,166.25,166.28715762251298,quadratic.png,27.499999999999957,inf,87.91743472026913
-3.515151515151515,160.625,160.66345855599673,quadratic.png,-inf,-inf,-90.0
-3.4545454545454546,165.625,165.66102290308822,quadratic.png,82.50000000000007,inf,89.30553971245023
-3.4545454545454546,161.25,161.28700004742328,quadratic.png,-inf,-inf,-90.0
-3.393939393939394,160.625,160.66085226217908,quadratic.png,-10.312500000000009,inf,-84.4613624672095
-3.393939393939394,165.0,165.0349018377923,quadratic.png,inf,inf,90.0
-3.3333333333333335,165.625,165.65853958100413,quadratic.png,10.312500000000009,-inf,84.4613624672095
-3.2121212121212124,166.25,166.28102784948547,quadratic.png,5.156250000000004,-42.53906250000007,79.02434482718746
-3.2121212121212124,165.625,165.656144913738,quadratic.png,-inf,-inf,-90.0
-3.090909090909091,161.25,161.27962121423855,quadratic.png,-36.0937499999999,inf,-88.41299044442209
-3.090909090909091,163.125,163.15428080197057,quadratic.png,inf,inf,90.0
-3.0303030303030303,166.25,166.27761495900603,quadratic.png,51.56250000000004,-inf,88.8889484086767
-3.0303030303030303,165.625,165.65271914899392,quadratic.png,-inf,-inf,-90.0
-3.0303030303030303,163.75,163.77803648980367,quadratic.png,-inf,0.0,-90.0
-3.0303030303030303,160.625,160.65358185068723,quadratic.png,-inf,0.0,-90.0
-2.8484848484848486,160.625,160.65025518477103,quadratic.png,0.0,inf,0.0
-2.787878787878788,161.25,161.27409825553482,quadratic.png,10.312500000000009,170.15625000000028,84.4613624672095
-2.787878787878788,165.625,165.6484617892237,quadratic.png,inf,inf,90.0
-2.787878787878788,166.25,166.27337359943084,quadratic.png,inf,0.0,90.0
-2.787878787878788,163.75,163.77373039695928,quadratic.png,-inf,-inf,-90.0
-2.7272727272727275,165.0,165.02253790476294,quadratic.png,20.625000000000018,inf,87.22419655121688
-2.7272727272727275,160.625,160.64815169036004,quadratic.png,-inf,-inf,-90.0
-2.7272727272727275,164.375,164.39762358844766,quadratic.png,inf,inf,90.0
-2.666666666666667,165.0,165.02154741460618,quadratic.png,10.312500000000009,-inf,84.4613624672095
-2.666666666666667,160.625,160.64713422937587,quadratic.png,-inf,-inf,-90.0
-2.484848484848485,158.125,158.1445228169242,quadratic.png,-13.749999999999979,inf,-85.84035770628736
-2.484848484848485,158.75,158.76944596487277,quadratic.png,inf,inf,90.0
-2.484848484848485,166.25,166.26856880358554,quadratic.png,inf,0.0,90.0
-2.4242424242424243,165.625,165.6427407897234,quadratic.png,-10.312500000000009,-inf,-84.4613624672095
-2.4242424242424243,159.375,159.3934364280145,quadratic.png,-inf,-inf,-90.0
-2.4242424242424243,160.0,160.0183644189988,quadratic.png,inf,inf,90.0
-2.4242424242424243,160.625,160.64329297026845,quadratic.png,inf,0.0,90.0
-2.3636363636363638,161.25,161.26732240866252,quadratic.png,10.312500000000009,-inf,84.4613624672095
-2.3636363636363638,158.125,158.14266471088536,quadratic.png,-inf,-inf,-90.0
-2.3636363636363638,159.375,159.39252617942756,quadratic.png,inf,inf,90.0
-2.303030303030303,160.625,160.64150949731726,quadratic.png,20.625000000000018,-inf,87.22419655121688
-2.121212121212121,160.625,160.63900574226415,quadratic.png,0.0,-113.43749999999991,0.0
-2.121212121212121,166.25,166.26353190300986,quadratic.png,inf,inf,90.0
-2.0,165.0,165.01212076693034,quadratic.png,-10.312500000000009,-inf,-84.4613624672095
-2.0,161.875,161.88735474088148,quadratic.png,-inf,-inf,-90.0
-1.8181818181818183,168.75,168.75979463463437,quadratic.png,37.812500000000036,inf,88.48509282778659
-1.8181818181818183,160.625,160.6352900521052,quadratic.png,-inf,-inf,-90.0
-1.7575757575757576,166.25,166.25929018416872,quadratic.png,92.81249999999974,inf,89.38269562234184
-1.7575757575757576,168.75,168.7591525593312,quadratic.png,inf,inf,90.0
-1.7575757575757576,160.625,160.6346155022124,quadratic.png,-inf,-inf,-90.0
-1.7575757575757576,165.0,165.00936056037432,quadratic.png,inf,inf,90.0
-1.696969696969697,165.625,165.6336932243933,quadratic.png,10.312500000000009,-inf,84.4613624672095
-1.6363636363636365,166.25,166.2580529957885,quadratic.png,10.312500000000009,0.0,84.4613624672095
-1.5151515151515151,165.625,165.63193022214608,quadratic.png,-5.156249999999996,-127.61718749999991,-79.02434482718743
-1.4545454545454546,166.25,166.25636289321181,quadratic.png,10.312500000000009,255.23437500000028,84.4613624672095
-1.4545454545454546,165.0,165.00641109508243,quadratic.png,-inf,-inf,-90.0
-1.4545454545454546,160.625,160.6315857092849,quadratic.png,-inf,0.0,-90.0
-1.393939393939394,160.625,160.63104834381792,quadratic.png,0.0,inf,0.0
-1.393939393939394,165.625,165.6308657588735,quadratic.png,inf,inf,90.0
-0.24242424242424243,-141.25,141.25020803352226,quadratic.png,-266.4967105263158,-inf,-89.785004811183
-0.24242424242424243,-143.75,143.75020441555316,quadratic.png,-inf,-inf,-90.0
-0.24242424242424243,-142.5,142.50020620866945,quadratic.png,inf,inf,90.0
-0.24242424242424243,-145.625,145.6252017835969,quadratic.png,-inf,-inf,-90.0
-0.18181818181818182,-140.625,140.62511753897752,quadratic.png,82.5,inf,89.30553971245023
-0.18181818181818182,-146.25,146.25011301825117,quadratic.png,-inf,-inf,-90.0
-0.18181818181818182,-143.125,143.1251154858966,quadratic.png,inf,inf,90.0
-0.12121212121212122,-133.75,133.7500549247675,quadratic.png,154.6875,-inf,89.62960820123605
-0.06060606060606061,-136.875,136.87501341769644,quadratic.png,-51.5625,-3403.125,-88.88894840867668
-0.06060606060606061,-134.375,134.37501366732798,quadratic.png,inf,inf,90.0
0.0,-133.75,133.75,quadratic.png,10.3125,-inf,84.4613624672095
0.06060606060606061,-143.125,143.1250128317709,quadratic.png,-154.6875,-2722.5,-89.62960820123605
0.06060606060606061,-146.25,146.25001255758778,quadratic.png,-inf,-inf,-90.0
0.06060606060606061,-140.625,140.62501305989124,quadratic.png,inf,inf,90.0
0.12121212121212122,-142.5,142.50005155219534,quadratic.png,-30.9375,-inf,-88.14865978286731
0.12121212121212122,-141.25,141.25005200840928,quadratic.png,inf,inf,90.0
0.12121212121212122,-143.75,143.75005110391552,quadratic.png,-inf,-inf,-90.0
0.12121212121212122,-145.625,145.62505044592544,quadratic.png,-inf,0.0,-90.0
4.666666666666667,-140.625,140.70241079234492,quadratic.png,1.0999999999999999,inf,47.72631099390626
4.666666666666667,-146.25,146.3244349990041,quadratic.png,-inf,-inf,-90.0
4.666666666666667,-141.25,141.3270684539157,quadratic.png,inf,inf,90.0
4.787878787878788,-146.25,146.32835092109602,quadratic.png,-41.250000000000036,-inf,-88.61128341044868
4.787878787878788,-141.25,141.3311228402556,quadratic.png,inf,inf,90.0
4.848484848484849,-145.0,145.0810387518851,quadratic.png,-61.87500000000006,-inf,-89.07408821359994
4.848484848484849,-145.625,145.7056911391109,quadratic.png,-inf,-inf,-90.0
4.848484848484849,-141.875,141.95782271620675,quadratic.png,inf,inf,90.0
4.848484848484849,-144.375,144.45638937176156,quadratic.png,-inf,-inf,-90.0
4.909090909090909,-140.625,140.7106598611268,quadratic.png,61.87500000000006,inf,89.07408821359994
4.909090909090909,-143.75,143.8337987871895,quadratic.png,-inf,-inf,-90.0
4.96969696969697,-146.25,146.3344128630399,quadratic.png,-41.250000000000036,inf,-88.61128341044868
5.03030303030303,-133.75,133.84456077322184,quadratic.png,206.25000000000017,4083.750000000007,89.7222044579229
5.03030303030303,-146.25,146.33648365522754,quadratic.png,-inf,-inf,-90.0
5.090909090909091,-134.375,134.47140209119522,quadratic.png,195.93750000000017,inf,89.707583887456
5.090909090909091,-136.875,136.96964255035456,quadratic.png,-inf,-inf,-90.0
5.151515151515151,-141.25,141.34390898923198,quadratic.png,-72.18750000000007,inf,-89.20634299696816
5.151515151515151,-133.75,133.84917111568637,quadratic.png,inf,inf,90.0
5.151515151515151,-145.625,145.71608948004433,quadratic.png,-inf,-inf,-90.0
5.212121212121212,-140.625,140.72155781020138,quadratic.png,82.50000000000007,inf,89.30553971245023
5.212121212121212,-146.25,146.34284645150868,quadratic.png,-inf,-inf,-90.0
5.3939393939393945,-146.25,146.3494348543427,quadratic.png,0.0,inf,0.0
5.3939393939393945,-140.625,140.72840938199184,quadratic.png,inf,inf,90.0
5.515151515151516,-145.0,145.10484794187641,quadratic.png,-36.093750000000036,-inf,-88.41299044442209
5.515151515151516,-141.875,141.98215564371137,quadratic.png,inf,inf,90.0
6.363636363636364,-133.75,133.90130084419866,quadratic.png,9.575892857142856,-inf,84.03827351393434
6.363636363636364,155.0,155.13057683051588,quadratic.png,inf,inf,90.0
