X,Y,Distance_from_Origin,Class,Slope,Curvature,Angle_with_X_Axis
-7.850746268656716,0.6559999999999999,7.878105925590703,sin_graph.png,0.0,0.0,0.0
-7.850746268656716,0.648,7.8774438096902575,sin_graph.png,-inf,0.0,-90.0
-7.820895522388059,0.42399999999999993,7.832380402668757,sin_graph.png,-7.50399999999987,inf,-82.40935773332323
-7.820895522388059,0.43199999999999994,7.832817550033296,sin_graph.png,inf,inf,90.0
-7.820895522388059,0.472,7.8351254471201415,sin_graph.png,inf,0.0,90.0
-7.820895522388059,0.48,7.835611448515655,sin_graph.png,inf,0.0,90.0
-7.791044776119403,0.43999999999999995,7.803459406154262,sin_graph.png,-1.3400000000000172,-inf,-53.26717333551099
-7.791044776119403,0.43199999999999994,7.8030124121070985,sin_graph.png,-inf,-inf,-90.0
-7.791044776119403,0.48,7.80581697860624,sin_graph.png,inf,inf,90.0
-7.791044776119403,0.472,7.8053291220484375,sin_graph.png,-inf,-inf,-90.0
-7.7611940298507465,0.6559999999999999,7.788868259830235,sin_graph.png,6.164000000000072,inf,80.7850569371865
-7.7611940298507465,0.632,7.786883636538488,sin_graph.png,-inf,-inf,-90.0
-7.7611940298507465,0.624,7.786238422305784,sin_graph.png,-inf,0.0,-90.0
-7.7611940298507465,0.544,7.780235778496103,sin_graph.png,-inf,0.0,-90.0
-7.7611940298507465,0.43999999999999995,7.773656332060922,sin_graph.png,-inf,0.0,-90.0
-7.7611940298507465,0.43199999999999994,7.773207624204494,sin_graph.png,-inf,0.0,-90.0
-7.7611940298507465,0.704,7.7930577290939445,sin_graph.png,inf,inf,90.0
-7.7611940298507465,0.696,7.792339107674336,sin_graph.png,-inf,-inf,-90.0
-7.7611940298507465,0.72,7.794519405902514,sin_graph.png,inf,inf,90.0
-7.7611940298507465,0.648,7.78819855736812,sin_graph.png,-inf,-inf,-90.0
-7.7611940298507465,0.688,7.791628633924416,sin_graph.png,inf,inf,90.0
-7.7611940298507465,0.528,7.779133420181895,sin_graph.png,-inf,-inf,-90.0
-7.7611940298507465,0.584,7.783134893408367,sin_graph.png,inf,inf,90.0
-7.7611940298507465,0.592,7.7837392536614995,sin_graph.png,inf,0.0,90.0
-7.7611940298507465,0.52,7.77859452401209,sin_graph.png,-inf,-inf,-90.0
-7.7611940298507465,0.552,7.780799237160079,sin_graph.png,inf,inf,90.0
-7.731343283582089,0.712,7.764059052363646,sin_graph.png,5.359999999999902,-inf,79.43198579099048
-7.731343283582089,0.688,7.761894934137532,sin_graph.png,-inf,-inf,-90.0
-7.731343283582089,0.44799999999999995,7.744312297976489,sin_graph.png,-inf,0.0,-90.0
-7.731343283582089,0.6799999999999999,7.7611899196315175,sin_graph.png,inf,inf,90.0
-7.731343283582089,0.45599999999999996,7.744779207220169,sin_graph.png,-inf,-inf,-90.0
-7.731343283582089,0.6559999999999999,7.759123982034948,sin_graph.png,inf,inf,90.0
-7.731343283582089,0.52,7.748810809962383,sin_graph.png,-inf,-inf,-90.0
-7.731343283582089,0.592,7.753975301004632,sin_graph.png,inf,inf,90.0
-7.731343283582089,0.56,7.751597833259274,sin_graph.png,-inf,-inf,-90.0
-7.731343283582089,0.72,7.764796775743064,sin_graph.png,inf,inf,90.0
-7.731343283582089,0.552,7.751023994840287,sin_graph.png,-inf,-inf,-90.0
-7.701492537313433,0.552,7.721249335586469,sin_graph.png,0.0,inf,0.0
-7.701492537313433,0.592,7.724212018212246,sin_graph.png,inf,inf,90.0
-7.701492537313433,0.616,7.726088486569028,sin_graph.png,inf,0.0,90.0
-7.701492537313433,0.45599999999999996,7.714980447304743,sin_graph.png,-inf,-inf,-90.0
-7.701492537313433,0.688,7.732162136317014,sin_graph.png,inf,inf,90.0
-7.701492537313433,0.44799999999999995,7.714511734536055,sin_graph.png,-inf,-inf,-90.0
-7.701492537313433,0.608,7.7254547634617925,sin_graph.png,inf,inf,90.0
-7.671641791044776,0.696,7.703148951571993,sin_graph.png,2.9479999999999467,-inf,71.26239444982014
-7.671641791044776,0.472,7.686148045029102,sin_graph.png,-inf,-inf,-90.0
-7.671641791044776,0.52,7.68924494148188,sin_graph.png,inf,inf,90.0
-7.671641791044776,0.496,7.687659186651336,sin_graph.png,-inf,-inf,-90.0
-7.671641791044776,0.688,7.70243025090813,sin_graph.png,inf,inf,90.0
-7.671641791044776,0.6799999999999999,7.70171979301407,sin_graph.png,-inf,-inf,-90.0
-7.671641791044776,0.704,7.703875892698732,sin_graph.png,inf,inf,90.0
-7.671641791044776,0.544,7.6909052633682,sin_graph.png,-inf,-inf,-90.0
-7.671641791044776,0.6,7.695069055577389,sin_graph.png,inf,inf,90.0
-7.641791044776119,0.6,7.665309541826768,sin_graph.png,0.0,-inf,0.0
-7.641791044776119,0.704,7.674150530972173,sin_graph.png,inf,inf,90.0
-7.641791044776119,0.608,7.665939888364668,sin_graph.png,-inf,-inf,-90.0
-7.641791044776119,0.696,7.6734207738153195,sin_graph.png,inf,inf,90.0
-7.641791044776119,0.72,7.6756348513996215,sin_graph.png,inf,0.0,90.0
-7.641791044776119,0.52,7.659462799179881,sin_graph.png,-inf,-inf,-90.0
-7.641791044776119,0.712,7.674888557628735,sin_graph.png,inf,inf,90.0
-7.611940298507463,0.616,7.636824674433863,sin_graph.png,-3.2160000000000375,-inf,-72.72716530445518
-7.611940298507463,0.712,7.645167042520515,sin_graph.png,inf,inf,90.0
-7.611940298507463,0.512,7.6291401290081104,sin_graph.png,-inf,-inf,-90.0
-7.582089552238806,0.6559999999999999,7.610415098939666,sin_graph.png,4.823999999999911,inf,78.28863869663961
-7.582089552238806,0.712,7.615446538330424,sin_graph.png,inf,inf,90.0
-7.582089552238806,0.72,7.61619865669015,sin_graph.png,inf,0.0,90.0
-7.582089552238806,0.512,7.599356945042708,sin_graph.png,-inf,-inf,-90.0
-7.582089552238806,0.688,7.61324017604652,sin_graph.png,inf,inf,90.0
-7.582089552238806,0.6799999999999999,7.612521394266741,sin_graph.png,-inf,-inf,-90.0
-7.582089552238806,0.592,7.60516574297818,sin_graph.png,-inf,0.0,-90.0
-7.582089552238806,0.584,7.604547190870003,sin_graph.png,-inf,0.0,-90.0
-7.582089552238806,0.616,7.607071577037306,sin_graph.png,inf,inf,90.0
-7.552238805970149,0.584,7.574784946280747,sin_graph.png,-1.0720000000000138,-inf,-46.99017224975527
-7.552238805970149,0.56,7.572972400742091,sin_graph.png,-inf,-inf,-90.0
-7.552238805970149,0.632,7.578636749600909,sin_graph.png,inf,inf,90.0
-7.552238805970149,0.624,7.577973804547058,sin_graph.png,-inf,-inf,-90.0
-7.552238805970149,0.592,7.575405928556003,sin_graph.png,-inf,0.0,-90.0
-7.552238805970149,0.52,7.570119614801435,sin_graph.png,-inf,0.0,-90.0
-7.552238805970149,0.712,7.585727056940648,sin_graph.png,inf,inf,90.0
-7.552238805970149,0.696,7.584242017657495,sin_graph.png,-inf,-inf,-90.0
-7.552238805970149,0.45599999999999996,7.5659927955557436,sin_graph.png,-inf,0.0,-90.0
-7.552238805970149,0.648,7.579987795663093,sin_graph.png,inf,inf,90.0
-7.552238805970149,0.6559999999999999,7.580675892188072,sin_graph.png,inf,0.0,90.0
-7.552238805970149,0.6799999999999999,7.582790448271759,sin_graph.png,inf,0.0,90.0
-7.552238805970149,0.44799999999999995,7.565514852434131,sin_graph.png,-inf,-inf,-90.0
-7.552238805970149,0.704,7.58498035478019,sin_graph.png,inf,inf,90.0
-7.1940298507462686,0.15200000000000002,7.195635447507633,sin_graph.png,-1.5409999999999993,-inf,-57.01928078666103
-7.1940298507462686,-1.112,7.279464918071134,sin_graph.png,-inf,-inf,-90.0
-7.1940298507462686,-0.688,7.22685336044868,sin_graph.png,inf,inf,90.0
-7.1940298507462686,-0.264,7.198872237609748,sin_graph.png,inf,0.0,90.0
-7.164179104477612,-0.272,7.169340711741467,sin_graph.png,-0.26800000000000346,-inf,-15.00271602076881
-7.164179104477612,-1.12,7.251197297069887,sin_graph.png,-inf,-inf,-90.0
-7.164179104477612,0.14400000000000002,7.165626158336314,sin_graph.png,inf,inf,90.0
-7.164179104477612,-0.696,7.197907907234827,sin_graph.png,-inf,-inf,-90.0
-7.134328358208955,-0.264,7.139211239537914,sin_graph.png,14.47199999999974,inf,86.04720491409694
-7.134328358208955,-0.688,7.16742527849049,sin_graph.png,-inf,-inf,-90.0
-7.134328358208955,0.15200000000000002,7.135947387890726,sin_graph.png,inf,inf,90.0
-7.134328358208955,-1.112,7.220469868557342,sin_graph.png,-inf,-inf,-90.0
-6.985074626865671,-1.112,7.073034111531105,sin_graph.png,0.0,inf,0.0
-6.955223880597015,-0.688,6.9891689941814255,sin_graph.png,14.204000000000175,475.83400000001154,85.97286700315559
-6.955223880597015,-1.12,7.044823576870254,sin_graph.png,-inf,-inf,-90.0
-6.955223880597015,0.15200000000000002,6.956884592202677,sin_graph.png,inf,inf,90.0
-6.955223880597015,-0.264,6.960232412012332,sin_graph.png,-inf,-inf,-90.0
-6.925373134328358,-1.112,7.014081340394976,sin_graph.png,-28.407999999999497,inf,-87.98394355976565
-6.895522388059701,0.16799999999999993,6.89756862990377,sin_graph.png,42.880000000000514,2388.148000000029,88.66405326817247
-6.895522388059701,-0.6719999999999999,6.928189735005282,sin_graph.png,-inf,-inf,-90.0
-6.895522388059701,-0.696,6.9305587800863915,sin_graph.png,-inf,0.0,-90.0
-6.895522388059701,-0.248,6.899980652453496,sin_graph.png,inf,inf,90.0
-6.895522388059701,0.14400000000000002,6.897025808581012,sin_graph.png,inf,0.0,90.0
-6.895522388059701,-0.272,6.900884943558512,sin_graph.png,-inf,-inf,-90.0
-6.865671641791045,0.17599999999999993,6.867927132177055,sin_graph.png,15.008000000000179,inf,86.18795225856266
-6.865671641791045,0.128,6.866864720736367,sin_graph.png,-inf,-inf,-90.0
-6.865671641791045,-0.23199999999999998,6.869590314778149,sin_graph.png,-inf,0.0,-90.0
-6.865671641791045,-0.6560000000000001,6.896940125366737,sin_graph.png,-inf,0.0,-90.0
-6.865671641791045,-0.6640000000000001,6.8977056397684695,sin_graph.png,-inf,0.0,-90.0
-6.865671641791045,-0.704,6.9016710362704,sin_graph.png,-inf,0.0,-90.0
-6.865671641791045,-0.712,6.902491658299468,sin_graph.png,-inf,0.0,-90.0
-6.865671641791045,-0.28,6.871378834913248,sin_graph.png,inf,inf,90.0
-6.865671641791045,0.136,6.867018500986709,sin_graph.png,inf,0.0,90.0
-6.865671641791045,-1.1440000000000001,6.960329237391989,sin_graph.png,-inf,-inf,-90.0
-6.865671641791045,-1.08,6.950096912482138,sin_graph.png,inf,inf,90.0
-6.865671641791045,-0.24,6.8698651437196165,sin_graph.png,inf,0.0,90.0
-6.865671641791045,-1.072,6.948858258224422,sin_graph.png,-inf,-inf,-90.0
-6.865671641791045,-0.28800000000000003,6.87170947384228,sin_graph.png,inf,inf,90.0
-6.865671641791045,0.18399999999999994,6.8681367992268285,sin_graph.png,inf,0.0,90.0
-6.835820895522388,-0.29600000000000004,6.842226488187928,sin_graph.png,-16.079999999999714,-inf,-86.44141249744514
-6.835820895522388,-1.1440000000000001,6.930886185449918,sin_graph.png,-inf,-inf,-90.0
-6.835820895522388,0.19199999999999995,6.838516748218177,sin_graph.png,inf,inf,90.0
-6.835820895522388,-1.08,6.920610328263,sin_graph.png,-inf,-inf,-90.0
-6.835820895522388,-0.72,6.873634214566593,sin_graph.png,inf,inf,90.0
-6.835820895522388,-0.6480000000000001,6.866465707746635,sin_graph.png,inf,0.0,90.0
-6.835820895522388,2.224,7.188506334118411,sin_graph.png,inf,0.0,90.0
-6.835820895522388,-0.22399999999999998,6.83948998944077,sin_graph.png,-inf,-inf,-90.0
-6.835820895522388,2.2880000000000003,7.208563748463386,sin_graph.png,inf,inf,90.0
-6.835820895522388,0.12,6.836874089498834,sin_graph.png,-inf,-inf,-90.0
-6.835820895522388,2.2960000000000003,7.211106941077806,sin_graph.png,inf,inf,90.0
-6.8059701492537314,0.552,6.828318509891938,sin_graph.png,-58.42400000000071,-inf,-89.01940666069869
-6.8059701492537314,-1.088,6.892385194729968,sin_graph.png,-inf,-inf,-90.0
-6.8059701492537314,1.024,6.882572605685526,sin_graph.png,inf,inf,90.0
-6.8059701492537314,0.968,6.874463882553523,sin_graph.png,-inf,-inf,-90.0
-6.8059701492537314,1.392,6.946862145784444,sin_graph.png,inf,inf,90.0
-6.8059701492537314,1.448,6.958299625090375,sin_graph.png,inf,0.0,90.0
-6.8059701492537314,1.808,7.042023407553603,sin_graph.png,inf,0.0,90.0
-6.8059701492537314,1.8639999999999999,7.0566086523579346,sin_graph.png,inf,0.0,90.0
-6.8059701492537314,-1.1360000000000001,6.900125047601156,sin_graph.png,-inf,-inf,-90.0
-6.8059701492537314,0.608,6.833073515815036,sin_graph.png,inf,inf,90.0
-6.776119402985074,1.8,7.011119323154527,sin_graph.png,39.9319999999993,-inf,88.56546612468951
-6.776119402985074,-1.1360000000000001,6.870683384024532,sin_graph.png,-inf,-inf,-90.0
-6.776119402985074,1.384,6.916014037255187,sin_graph.png,inf,inf,90.0
-6.776119402985074,0.616,6.804061299217607,sin_graph.png,-inf,-inf,-90.0
-6.776119402985074,1.456,6.930781353030176,sin_graph.png,inf,inf,90.0
-6.776119402985074,2.224,7.1317578592876245,sin_graph.png,inf,0.0,90.0
-6.776119402985074,0.544,6.797921017745852,sin_graph.png,-inf,-inf,-90.0
-6.776119402985074,1.8719999999999999,7.0299486600906835,sin_graph.png,inf,inf,90.0
-6.776119402985074,0.96,6.843785075783049,sin_graph.png,-inf,-inf,-90.0
-6.776119402985074,2.2880000000000003,7.151974424137071,sin_graph.png,inf,inf,90.0
-6.776119402985074,-1.072,6.860391983225943,sin_graph.png,-inf,-inf,-90.0
-6.776119402985074,1.032,6.854255478424393,sin_graph.png,inf,inf,90.0
-6.746268656716418,2.232,7.105910553095525,sin_graph.png,40.200000000000486,-inf,88.57502572748459
-6.746268656716418,2.2800000000000002,7.121133392135998,sin_graph.png,inf,inf,90.0
-6.746268656716418,-0.72,6.784581106346533,sin_graph.png,-inf,-inf,-90.0
-6.746268656716418,-0.6480000000000001,6.77731840690655,sin_graph.png,inf,inf,90.0
-6.746268656716418,-0.22399999999999998,6.749986428771123,sin_graph.png,inf,0.0,90.0
-6.746268656716418,-1.1440000000000001,6.842578226706243,sin_graph.png,-inf,-inf,-90.0
-6.746268656716418,-0.29600000000000004,6.75275919817924,sin_graph.png,inf,inf,90.0
-6.746268656716418,2.24,7.108427448359753,sin_graph.png,inf,0.0,90.0
-6.746268656716418,0.19199999999999995,6.749000280678194,sin_graph.png,-inf,-inf,-90.0
-6.746268656716418,0.12,6.747335828947182,sin_graph.png,-inf,0.0,-90.0
-6.7164179104477615,2.248,7.082638883056475,sin_graph.png,71.28800000000086,inf,89.19633007160921
-6.7164179104477615,2.2960000000000003,7.098019832867719,sin_graph.png,inf,inf,90.0
-6.7164179104477615,-0.28800000000000003,6.72258979469843,sin_graph.png,-inf,-inf,-90.0
-6.7164179104477615,-0.23199999999999998,6.720423613715393,sin_graph.png,inf,inf,90.0
-6.7164179104477615,0.18399999999999994,6.718937828837492,sin_graph.png,inf,0.0,90.0
-6.7164179104477615,0.17599999999999993,6.718723505829324,sin_graph.png,-inf,-inf,-90.0
-6.7164179104477615,0.136,6.717794693780354,sin_graph.png,-inf,0.0,-90.0
-6.7164179104477615,0.128,6.717637497497425,sin_graph.png,-inf,0.0,-90.0
-6.7164179104477615,-0.24,6.7207045425151275,sin_graph.png,-inf,0.0,-90.0
-6.7164179104477615,-0.28,6.7222518212116595,sin_graph.png,-inf,0.0,-90.0
-6.7164179104477615,-0.704,6.753212979595969,sin_graph.png,-inf,0.0,-90.0
-6.7164179104477615,-0.712,6.754051639407525,sin_graph.png,-inf,0.0,-90.0
-6.7164179104477615,-0.6560000000000001,6.748377993842926,sin_graph.png,inf,inf,90.0
-6.7164179104477615,-0.6640000000000001,6.74916035872489,sin_graph.png,-inf,-inf,-90.0
-6.686567164179104,-0.696,6.722692648119367,sin_graph.png,-1.0719999999999745,inf,-46.99017224975422
-6.686567164179104,-0.6719999999999999,6.7202503257749395,sin_graph.png,inf,inf,90.0
-6.686567164179104,1.384,6.828296745241685,sin_graph.png,inf,0.0,90.0
-6.686567164179104,0.96,6.755129935173578,sin_graph.png,-inf,-inf,-90.0
-6.686567164179104,-0.248,6.691164655056561,sin_graph.png,-inf,0.0,-90.0
-6.686567164179104,-0.272,6.692097163152833,sin_graph.png,-inf,0.0,-90.0
-6.686567164179104,0.16799999999999993,6.6886773312126655,sin_graph.png,inf,inf,90.0
-6.686567164179104,0.14400000000000002,6.688117555865641,sin_graph.png,-inf,-inf,-90.0
-6.686567164179104,-1.1440000000000001,6.783724378324799,sin_graph.png,-inf,0.0,-90.0
-6.686567164179104,1.8,6.924606879894207,sin_graph.png,inf,inf,90.0
-6.686567164179104,2.224,7.046726647251061,sin_graph.png,inf,0.0,90.0
-6.686567164179104,0.544,6.708659809610127,sin_graph.png,-inf,-inf,-90.0
-6.656716417910448,1.8719999999999999,6.914930040750846,sin_graph.png,44.488000000000525,inf,88.71232393685122
-6.656716417910448,1.8639999999999999,6.912768582013903,sin_graph.png,-inf,-inf,-90.0
-6.656716417910448,1.456,6.81408904171926,sin_graph.png,-inf,0.0,-90.0
-6.656716417910448,1.448,6.812384125141396,sin_graph.png,-inf,0.0,-90.0
-6.656716417910448,0.616,6.685157400426597,sin_graph.png,-inf,0.0,-90.0
-6.656716417910448,2.224,7.018407901260692,sin_graph.png,inf,inf,90.0
-6.656716417910448,1.032,6.736237634501808,sin_graph.png,-inf,-inf,-90.0
-6.656716417910448,1.024,6.735016664305924,sin_graph.png,-inf,0.0,-90.0
-6.656716417910448,0.608,6.684424991611358,sin_graph.png,-inf,0.0,-90.0
-6.626865671641791,1.8559999999999999,6.881866362403763,sin_graph.png,41.80799999999925,inf,88.62981111930824
-6.626865671641791,0.6,6.653972394741685,sin_graph.png,-inf,-inf,-90.0
-6.626865671641791,1.016,6.704297474753369,sin_graph.png,inf,inf,90.0
-6.626865671641791,0.56,6.650484841722775,sin_graph.png,-inf,-inf,-90.0
-6.626865671641791,1.44,6.78151521637933,sin_graph.png,inf,inf,90.0
-6.626865671641791,0.976,6.698352381741677,sin_graph.png,-inf,-inf,-90.0
-6.626865671641791,1.816,6.871186551825267,sin_graph.png,inf,inf,90.0
-6.626865671641791,1.4,6.773134328358209,sin_graph.png,-inf,-inf,-90.0
-6.597014925373134,0.12,6.5981062378227815,sin_graph.png,-42.88000000000051,inf,-88.66405326817247
-6.597014925373134,-0.712,6.635325909523654,sin_graph.png,-inf,-inf,-90.0
-6.597014925373134,0.128,6.598256582279587,sin_graph.png,inf,inf,90.0
-6.597014925373134,-1.1360000000000001,6.6941094945926825,sin_graph.png,-inf,-inf,-90.0
-6.597014925373134,-0.72,6.6361891116510465,sin_graph.png,inf,inf,90.0
-6.597014925373134,2.224,6.961808811336024,sin_graph.png,inf,0.0,90.0
-6.597014925373134,2.232,6.9643685948975955,sin_graph.png,inf,0.0,90.0
-6.597014925373134,-0.29600000000000004,6.603652165703149,sin_graph.png,-inf,-inf,-90.0
-6.597014925373134,-1.1440000000000001,6.695471747800592,sin_graph.png,-inf,0.0,-90.0
-6.597014925373134,-0.28800000000000003,6.603298412581086,sin_graph.png,inf,inf,90.0
-6.567164179104478,1.8,6.809379219526035,sin_graph.png,69.94800000000085,-inf,89.18093617369566
-6.567164179104478,2.232,6.936099001262381,sin_graph.png,inf,inf,90.0
-6.567164179104478,-1.1360000000000001,6.664693643020135,sin_graph.png,-inf,-inf,-90.0
-6.567164179104478,0.12,6.568260451239201,sin_graph.png,inf,inf,90.0
-6.567164179104478,-0.72,6.606515371609529,sin_graph.png,-inf,-inf,-90.0
-6.567164179104478,0.128,6.568411478836644,sin_graph.png,inf,inf,90.0
-6.567164179104478,-1.1440000000000001,6.666061907551789,sin_graph.png,-inf,-inf,-90.0
-6.567164179104478,-0.29600000000000004,6.573831558179217,sin_graph.png,inf,inf,90.0
-6.567164179104478,0.968,6.638122426960277,sin_graph.png,inf,0.0,90.0
-6.567164179104478,1.392,6.713070039505992,sin_graph.png,inf,0.0,90.0
-6.567164179104478,0.96,6.636960550983635,sin_graph.png,-inf,-inf,-90.0
-6.567164179104478,0.552,6.590322401469673,sin_graph.png,-inf,0.0,-90.0
-6.567164179104478,1.384,6.711415748954388,sin_graph.png,inf,inf,90.0
-6.567164179104478,0.544,6.589657150058187,sin_graph.png,-inf,-inf,-90.0
-6.567164179104478,1.808,6.8114983194091,sin_graph.png,inf,inf,90.0
-6.567164179104478,-0.712,6.605648291826699,sin_graph.png,-inf,-inf,-90.0
-6.567164179104478,2.224,6.933528780881565,sin_graph.png,inf,inf,90.0
-6.567164179104478,-0.28800000000000003,6.573476200254549,sin_graph.png,-inf,-inf,-90.0
-6.537313432835821,0.552,6.560577026385382,sin_graph.png,28.139999999999503,inf,87.96475909343746
-6.537313432835821,1.808,6.782722972312496,sin_graph.png,inf,inf,90.0
-6.537313432835821,1.8,6.780594879443519,sin_graph.png,-inf,-inf,-90.0
-6.537313432835821,1.384,6.682209433947403,sin_graph.png,-inf,0.0,-90.0
-6.537313432835821,0.968,6.608592204027698,sin_graph.png,-inf,0.0,-90.0
-6.537313432835821,0.544,6.559908758445933,sin_graph.png,-inf,0.0,-90.0
-6.537313432835821,1.392,6.683870953207854,sin_graph.png,inf,inf,90.0
-6.537313432835821,0.96,6.607425135340972,sin_graph.png,-inf,-inf,-90.0
-6.507462686567164,-0.6480000000000001,6.5396463678905405,sin_graph.png,-53.86800000000065,inf,-88.93648921160002
-6.507462686567164,0.12,6.5085690145425925,sin_graph.png,inf,inf,90.0
-6.507462686567164,0.18399999999999994,6.510063487944179,sin_graph.png,inf,0.0,90.0
-6.477611940298507,0.19199999999999995,6.480456808674663,sin_graph.png,0.26799999999999546,-inf,15.002716020768384
-6.477611940298507,-1.08,6.567027976877957,sin_graph.png,-inf,-inf,-90.0
-6.477611940298507,2.2800000000000002,6.867157814489032,sin_graph.png,inf,inf,90.0
-6.477611940298507,-0.29600000000000004,6.484371399688468,sin_graph.png,-inf,-inf,-90.0
-6.477611940298507,-0.256,6.482668620953703,sin_graph.png,inf,inf,90.0
-6.477611940298507,-0.22399999999999998,6.4814838153850065,sin_graph.png,inf,0.0,90.0
-6.477611940298507,-1.1360000000000001,6.576469603753809,sin_graph.png,-inf,-inf,-90.0
-6.477611940298507,-0.28800000000000003,6.4840111388782935,sin_graph.png,inf,inf,90.0
-6.477611940298507,2.24,6.853981065709022,sin_graph.png,inf,0.0,90.0
-6.447761194029851,0.128,6.449031587396456,sin_graph.png,-70.75200000000085,-inf,-89.1902424707132
-6.447761194029851,-1.1440000000000001,6.548462446653966,sin_graph.png,-inf,-inf,-90.0
-6.447761194029851,-1.072,6.536268692093161,sin_graph.png,inf,inf,90.0
-6.447761194029851,2.232,6.823155312261128,sin_graph.png,inf,0.0,90.0
-6.447761194029851,2.224,6.8205425308575895,sin_graph.png,-inf,-inf,-90.0
-6.447761194029851,1.8719999999999999,6.714015818810472,sin_graph.png,-inf,0.0,-90.0
-6.447761194029851,-0.29600000000000004,6.454551914365338,sin_graph.png,-inf,0.0,-90.0
-6.447761194029851,0.18399999999999994,6.450386067146465,sin_graph.png,inf,inf,90.0
-6.447761194029851,0.608,6.476363826657459,sin_graph.png,inf,0.0,90.0
-6.447761194029851,0.56,6.472034024573515,sin_graph.png,-inf,-inf,-90.0
-6.447761194029851,1.424,6.6031356502223435,sin_graph.png,inf,inf,90.0
-6.447761194029851,0.968,6.520019050220425,sin_graph.png,-inf,-inf,-90.0
-6.447761194029851,0.96,6.518836124281484,sin_graph.png,-inf,0.0,-90.0
-6.447761194029851,2.2880000000000003,6.841678771707807,sin_graph.png,inf,inf,90.0
-6.447761194029851,2.2960000000000003,6.844358290974929,sin_graph.png,inf,0.0,90.0
-6.447761194029851,-0.72,6.487836651399082,sin_graph.png,-inf,-inf,-90.0
-6.447761194029851,-0.256,6.452841266855806,sin_graph.png,inf,inf,90.0
-6.447761194029851,-0.23199999999999998,6.451933695818428,sin_graph.png,inf,0.0,90.0
-6.447761194029851,-0.24,6.45222631463259,sin_graph.png,-inf,-inf,-90.0
-6.447761194029851,1.032,6.529827594602881,sin_graph.png,inf,inf,90.0
-6.447761194029851,1.024,6.528568021797525,sin_graph.png,-inf,-inf,-90.0
-6.447761194029851,1.392,6.596308696175251,sin_graph.png,inf,inf,90.0
-6.447761194029851,1.456,6.61011046921587,sin_graph.png,inf,0.0,90.0
-6.447761194029851,1.384,6.594625115595067,sin_graph.png,-inf,-inf,-90.0
-6.417910447761194,1.448,6.579230845279887,sin_graph.png,2.1440000000000277,inf,64.99481148180138
-6.417910447761194,1.44,6.5774747825804925,sin_graph.png,-inf,-inf,-90.0
-6.417910447761194,1.392,6.567133203726135,sin_graph.png,-inf,0.0,-90.0
-6.417910447761194,1.424,6.5739904559926385,sin_graph.png,inf,inf,90.0
-6.417910447761194,-0.248,6.422700251100178,sin_graph.png,-inf,-inf,-90.0
-6.417910447761194,-0.72,6.458171143248086,sin_graph.png,-inf,0.0,-90.0
-6.417910447761194,-0.712,6.457284143932516,sin_graph.png,inf,inf,90.0
-6.417910447761194,-0.22399999999999998,6.421818318473537,sin_graph.png,inf,0.0,90.0
-6.417910447761194,-0.696,6.455539521642037,sin_graph.png,-inf,-inf,-90.0
-6.417910447761194,-0.29600000000000004,6.424732719380806,sin_graph.png,inf,inf,90.0
-6.417910447761194,0.552,6.441605274734108,sin_graph.png,inf,0.0,90.0
-6.417910447761194,0.19199999999999995,6.420781768249276,sin_graph.png,-inf,-inf,-90.0
-6.417910447761194,0.616,6.447404944276595,sin_graph.png,inf,inf,90.0
-6.417910447761194,0.12,6.419032210191992,sin_graph.png,-inf,-inf,-90.0
-6.417910447761194,0.544,6.440924663080782,sin_graph.png,inf,inf,90.0
-6.417910447761194,1.8,6.665551328696096,sin_graph.png,inf,0.0,90.0
-6.417910447761194,1.024,6.4990884372719755,sin_graph.png,-inf,-inf,-90.0
-6.417910447761194,0.968,6.490500636736915,sin_graph.png,-inf,0.0,-90.0
-6.388059701492537,-0.6799999999999999,6.424150274536931,sin_graph.png,-55.20799999999902,inf,-88.96229686556453
-6.388059701492537,-0.712,6.42761625720087,sin_graph.png,-inf,-inf,-90.0
-6.388059701492537,-0.28800000000000003,6.394548518060749,sin_graph.png,inf,inf,90.0
-6.388059701492537,-0.6480000000000001,6.420841903507119,sin_graph.png,-inf,-inf,-90.0
-6.388059701492537,-0.688,6.425002003877736,sin_graph.png,-inf,0.0,-90.0
-6.388059701492537,1.432,6.5465968831013965,sin_graph.png,inf,inf,90.0
-6.388059701492537,0.19199999999999995,6.390944433323836,sin_graph.png,-inf,-inf,-90.0
-6.388059701492537,0.96,6.459791540741305,sin_graph.png,inf,inf,90.0
-6.388059701492537,1.456,6.55188848728616,sin_graph.png,inf,0.0,90.0
-6.388059701492537,1.032,6.470883305224483,sin_graph.png,-inf,-inf,-90.0
-6.388059701492537,1.816,6.64117179041718,sin_graph.png,inf,inf,90.0
-6.388059701492537,1.384,6.53626519886035,sin_graph.png,-inf,-inf,-90.0
-6.388059701492537,-0.256,6.393187213732515,sin_graph.png,-inf,0.0,-90.0
-6.388059701492537,-0.696,6.425863580082675,sin_graph.png,-inf,0.0,-90.0
-6.388059701492537,1.808,6.638988684267576,sin_graph.png,inf,inf,90.0
-6.358208955223881,-1.1440000000000001,6.4603062712451305,sin_graph.png,-98.89200000000119,-inf,-89.42064245098543
-6.358208955223881,1.432,6.517472295168515,sin_graph.png,inf,inf,90.0
-6.358208955223881,1.384,6.507094368325171,sin_graph.png,-inf,-inf,-90.0
-6.358208955223881,0.16000000000000003,6.360221782162093,sin_graph.png,-inf,0.0,-90.0
-6.358208955223881,0.19199999999999995,6.361107224240852,sin_graph.png,inf,inf,90.0
-6.358208955223881,0.18399999999999994,6.360870783020919,sin_graph.png,-inf,-inf,-90.0
-6.358208955223881,1.032,6.441416390693056,sin_graph.png,inf,inf,90.0
-6.358208955223881,-1.072,6.447945806091204,sin_graph.png,-inf,-inf,-90.0
-6.358208955223881,-0.256,6.363360520848175,sin_graph.png,inf,inf,90.0
-6.358208955223881,-0.688,6.395323691439641,sin_graph.png,-inf,-inf,-90.0
-6.358208955223881,-0.248,6.363043699228315,sin_graph.png,inf,inf,90.0
-6.358208955223881,-0.6560000000000001,6.391960350181246,sin_graph.png,-inf,-inf,-90.0
-6.358208955223881,-0.28800000000000003,6.364728204588877,sin_graph.png,inf,inf,90.0
-6.358208955223881,-0.6719999999999999,6.39362222204981,sin_graph.png,-inf,-inf,-90.0
-6.358208955223881,-0.29600000000000004,6.365095216749641,sin_graph.png,inf,inf,90.0
-6.358208955223881,1.816,6.612463770659856,sin_graph.png,inf,0.0,90.0
-6.358208955223881,1.832,6.616875782292513,sin_graph.png,inf,0.0,90.0
-6.358208955223881,1.8,6.608087553769938,sin_graph.png,-inf,-inf,-90.0
-6.358208955223881,1.824,6.614665306596333,sin_graph.png,inf,inf,90.0
-6.3283582089552235,0.12,6.329495842549465,sin_graph.png,-57.083999999998994,-inf,-88.99639269181549
-6.3283582089552235,1.8559999999999999,6.594911191278543,sin_graph.png,inf,inf,90.0
-6.3283582089552235,1.8399999999999999,6.5904262093472346,sin_graph.png,-inf,-inf,-90.0
-6.3283582089552235,-0.22399999999999998,6.33232134535598,sin_graph.png,-inf,0.0,-90.0
-6.3283582089552235,-0.28800000000000003,6.33490817777582,sin_graph.png,-inf,0.0,-90.0
-6.3283582089552235,-0.256,6.333534054605767,sin_graph.png,inf,inf,90.0
-6.3283582089552235,1.432,6.488354307592255,sin_graph.png,inf,0.0,90.0
-6.3283582089552235,1.384,6.4779297326268495,sin_graph.png,-inf,-inf,-90.0
-6.3283582089552235,-0.6640000000000001,6.363097800666823,sin_graph.png,-inf,0.0,-90.0
-6.3283582089552235,-0.6560000000000001,6.362267962043957,sin_graph.png,inf,inf,90.0
-6.3283582089552235,-0.28,6.334549519962013,sin_graph.png,inf,0.0,90.0
-6.3283582089552235,1.8719999999999999,6.599431916525162,sin_graph.png,inf,0.0,90.0
-6.3283582089552235,1.824,6.585977043753719,sin_graph.png,-inf,-inf,-90.0
-6.3283582089552235,2.224,6.707778590625288,sin_graph.png,inf,inf,90.0
-6.3283582089552235,2.2960000000000003,6.7319932873444674,sin_graph.png,inf,0.0,90.0
-6.3283582089552235,0.16000000000000003,6.330380527334116,sin_graph.png,-inf,-inf,-90.0
-6.3283582089552235,0.18399999999999994,6.3310325872523325,sin_graph.png,inf,inf,90.0
-6.3283582089552235,-0.264,6.333862456736092,sin_graph.png,-inf,-inf,-90.0
-6.3283582089552235,1.032,6.411953027030919,sin_graph.png,inf,inf,90.0
-6.298507462686567,0.608,6.327784782806569,sin_graph.png,-14.204000000000171,-inf,-85.97286700315559
-6.298507462686567,1.416,6.455714697654968,sin_graph.png,inf,inf,90.0
-6.298507462686567,0.616,6.328558465995109,sin_graph.png,-inf,-inf,-90.0
-6.298507462686567,1.456,6.464606117739764,sin_graph.png,inf,inf,90.0
-6.298507462686567,1.008,6.378656618561496,sin_graph.png,-inf,-inf,-90.0
-6.298507462686567,2.2880000000000003,6.701204388579591,sin_graph.png,inf,inf,90.0
-6.298507462686567,2.232,6.682291542391606,sin_graph.png,-inf,-inf,-90.0
-6.298507462686567,1.016,6.379925725078496,sin_graph.png,-inf,0.0,-90.0
-6.298507462686567,1.4,6.452224132616471,sin_graph.png,inf,inf,90.0
-6.298507462686567,-1.1280000000000001,6.398717079033763,sin_graph.png,-inf,-inf,-90.0
-6.298507462686567,0.544,6.321956363145698,sin_graph.png,inf,inf,90.0
-6.298507462686567,-1.088,6.3917869377442775,sin_graph.png,-inf,-inf,-90.0
-6.298507462686567,0.552,6.3226497813431335,sin_graph.png,inf,inf,90.0
-6.298507462686567,1.8559999999999999,6.566272325872449,sin_graph.png,inf,0.0,90.0
-6.298507462686567,1.8479999999999999,6.564015558902826,sin_graph.png,-inf,-inf,-90.0
-6.298507462686567,1.8639999999999999,6.568538060902013,sin_graph.png,inf,inf,90.0
-6.298507462686567,-0.6480000000000001,6.331753332017789,sin_graph.png,-inf,-inf,-90.0
-6.26865671641791,1.8639999999999999,6.539919955801552,sin_graph.png,84.15199999999851,inf,89.31917146598943
-6.26865671641791,1.016,6.350457702267716,sin_graph.png,-inf,-inf,-90.0
-6.26865671641791,0.96,6.34173927470149,sin_graph.png,-inf,0.0,-90.0
-6.26865671641791,1.8719999999999999,6.542204600002309,sin_graph.png,inf,inf,90.0
-6.26865671641791,0.6,6.297305537155663,sin_graph.png,-inf,-inf,-90.0
-6.26865671641791,0.56,6.293620343513848,sin_graph.png,-inf,0.0,-90.0
-6.26865671641791,1.416,6.426594201308448,sin_graph.png,inf,inf,90.0
-6.26865671641791,1.4,6.423087811036945,sin_graph.png,-inf,-inf,-90.0
-6.26865671641791,1.008,6.349182705537097,sin_graph.png,-inf,0.0,-90.0
-6.2388059701492535,-0.72,6.280214959153067,sin_graph.png,-57.888000000000694,inf,-89.01032889032291
-6.2388059701492535,0.12,6.239959930413813,sin_graph.png,inf,inf,90.0
-6.2388059701492535,0.128,6.240118903768579,sin_graph.png,inf,0.0,90.0
-6.2388059701492535,-1.12,6.338540836278486,sin_graph.png,-inf,-inf,-90.0
-6.2388059701492535,-0.712,6.279302822222381,sin_graph.png,inf,inf,90.0
-6.2388059701492535,-0.24,6.2434205315011395,sin_graph.png,inf,0.0,90.0
-6.2388059701492535,-0.272,6.24473249492482,sin_graph.png,-inf,-inf,-90.0
-6.2388059701492535,-1.096,6.334344159671936,sin_graph.png,-inf,0.0,-90.0
-6.208955223880597,-0.6799999999999999,6.246080768942567,sin_graph.png,13.936000000000172,inf,85.89568431659308
-6.208955223880597,0.19199999999999995,6.211923129929584,sin_graph.png,inf,inf,90.0
-6.208955223880597,-1.1360000000000001,6.312021940088148,sin_graph.png,-inf,-inf,-90.0
-6.208955223880597,0.128,6.210274468343099,sin_graph.png,inf,inf,90.0
-6.208955223880597,-0.6480000000000001,6.242678028871436,sin_graph.png,-inf,-inf,-90.0
-6.208955223880597,2.2880000000000003,6.617104273936913,sin_graph.png,inf,inf,90.0
-6.208955223880597,2.232,6.597950361449695,sin_graph.png,-inf,-inf,-90.0
-6.208955223880597,-0.28,6.215265478815379,sin_graph.png,-inf,0.0,-90.0
-6.208955223880597,-0.28800000000000003,6.215631019627384,sin_graph.png,-inf,0.0,-90.0
-6.208955223880597,-0.6640000000000001,6.244359132221189,sin_graph.png,-inf,0.0,-90.0
-6.208955223880597,-0.712,6.24964550771915,sin_graph.png,-inf,0.0,-90.0
-6.208955223880597,0.17599999999999993,6.211449184542538,sin_graph.png,inf,inf,90.0
-6.208955223880597,0.16000000000000003,6.211016420212891,sin_graph.png,-inf,-inf,-90.0
-6.208955223880597,-1.088,6.303560023681392,sin_graph.png,-inf,0.0,-90.0
-6.208955223880597,-1.08,6.302184142989965,sin_graph.png,inf,inf,90.0
-6.208955223880597,-1.1280000000000001,6.310587054478701,sin_graph.png,-inf,-inf,-90.0
-6.17910447761194,0.552,6.203711481463651,sin_graph.png,56.279999999999006,inf,88.98205844012463
-6.17910447761194,1.8399999999999999,6.447242212391584,sin_graph.png,inf,inf,90.0
-6.17910447761194,1.808,6.43818267411262,sin_graph.png,-inf,-inf,-90.0
-6.17910447761194,-0.22399999999999998,6.183163279846646,sin_graph.png,-inf,0.0,-90.0
-6.17910447761194,1.392,6.333955805438173,sin_graph.png,inf,inf,90.0
-6.17910447761194,1.8,6.4359406573743305,sin_graph.png,inf,0.0,90.0
-6.17910447761194,1.448,6.34649794337349,sin_graph.png,-inf,-inf,-90.0
-6.17910447761194,-0.29600000000000004,6.186190115510833,sin_graph.png,-inf,0.0,-90.0
-6.17910447761194,-1.072,6.271404638934082,sin_graph.png,-inf,0.0,-90.0
-6.17910447761194,0.16799999999999993,6.181387881798385,sin_graph.png,inf,inf,90.0
-6.17910447761194,0.608,6.208944849589496,sin_graph.png,inf,0.0,90.0
-6.17910447761194,0.12,6.180269585159205,sin_graph.png,-inf,-inf,-90.0
-6.17910447761194,1.8719999999999999,6.4564476413306355,sin_graph.png,inf,inf,90.0
-6.17910447761194,-0.6719999999999999,6.215538282823453,sin_graph.png,-inf,-inf,-90.0
-6.17910447761194,-1.1440000000000001,6.2841123593745465,sin_graph.png,-inf,0.0,-90.0
-6.17910447761194,2.224,6.567153732420456,sin_graph.png,inf,inf,90.0
-6.17910447761194,-0.72,6.2209108774554815,sin_graph.png,-inf,-inf,-90.0
-6.17910447761194,0.968,6.254466895367177,sin_graph.png,inf,inf,90.0
-6.17910447761194,2.2960000000000003,6.591885022149881,sin_graph.png,inf,0.0,90.0
-6.17910447761194,1.0,6.259499352603523,sin_graph.png,-inf,-inf,-90.0
-6.17910447761194,0.96,6.253233735056121,sin_graph.png,-inf,0.0,-90.0
-6.17910447761194,1.032,6.264691225052032,sin_graph.png,inf,inf,90.0
-6.149253731343284,1.0,6.230033824341509,sin_graph.png,-1.0720000000000138,-inf,-46.99017224975527
-6.149253731343284,1.456,6.319276655792125,sin_graph.png,inf,inf,90.0
-6.149253731343284,0.968,6.224977546340171,sin_graph.png,-inf,-inf,-90.0
-6.149253731343284,1.024,6.233931139533007,sin_graph.png,inf,inf,90.0
-6.149253731343284,1.8559999999999999,6.423243530525625,sin_graph.png,inf,0.0,90.0
-6.149253731343284,1.8399999999999999,6.418638598054832,sin_graph.png,-inf,-inf,-90.0
-6.149253731343284,0.19199999999999995,6.1522504380461704,sin_graph.png,-inf,0.0,-90.0
-6.149253731343284,1.8639999999999999,6.425559699546748,sin_graph.png,inf,inf,90.0
-6.149253731343284,1.808,6.409538630232234,sin_graph.png,-inf,-inf,-90.0
-6.149253731343284,0.12,6.150424493678408,sin_graph.png,-inf,0.0,-90.0
-6.149253731343284,0.16799999999999993,6.151548215891614,sin_graph.png,inf,inf,90.0
-6.149253731343284,0.616,6.1800305381477925,sin_graph.png,inf,0.0,90.0
-6.149253731343284,-0.6719999999999999,6.185863355461329,sin_graph.png,-inf,-inf,-90.0
-6.149253731343284,0.544,6.173269591751141,sin_graph.png,inf,inf,90.0
-6.149253731343284,1.384,6.303076824253318,sin_graph.png,inf,0.0,90.0
-6.149253731343284,-0.6480000000000001,6.183302147917349,sin_graph.png,-inf,-inf,-90.0
-6.149253731343284,-0.72,6.191261701175238,sin_graph.png,-inf,0.0,-90.0
-6.149253731343284,1.016,6.232622036706485,sin_graph.png,inf,inf,90.0
-6.119402985074626,1.8719999999999999,6.399334097680809,sin_graph.png,28.675999999999487,-inf,88.00276987761097
-6.119402985074626,1.8479999999999999,6.392354565708965,sin_graph.png,-inf,-inf,-90.0
-6.119402985074626,1.8,6.378643499502089,sin_graph.png,-inf,0.0,-90.0
-6.119402985074626,1.032,6.205813153305556,sin_graph.png,-inf,0.0,-90.0
-6.119402985074626,0.96,6.194246757575956,sin_graph.png,-inf,0.0,-90.0
-6.119402985074626,1.008,6.201867210263393,sin_graph.png,inf,inf,90.0
-6.08955223880597,0.16799999999999993,6.0918692097866645,sin_graph.png,-28.14000000000034,-inf,-87.96475909343754
-6.08955223880597,-0.22399999999999998,6.09367068926003,sin_graph.png,-inf,-inf,-90.0
-6.08955223880597,0.12,6.090734476986072,sin_graph.png,inf,inf,90.0
-6.08955223880597,-1.1440000000000001,6.196077990886397,sin_graph.png,-inf,-inf,-90.0
-6.08955223880597,-0.72,6.131969216258901,sin_graph.png,inf,inf,90.0
-6.08955223880597,-1.072,6.183189344435992,sin_graph.png,-inf,-inf,-90.0
-6.08955223880597,-0.6719999999999999,6.1265186255447555,sin_graph.png,inf,inf,90.0
-6.08955223880597,-0.29600000000000004,6.096741955269781,sin_graph.png,inf,0.0,90.0
-6.08955223880597,1.8479999999999999,6.363784288389009,sin_graph.png,inf,0.0,90.0
-6.08955223880597,1.8,6.3500115329932125,sin_graph.png,-inf,-inf,-90.0
-6.08955223880597,1.008,6.172415286510363,sin_graph.png,-inf,0.0,-90.0
-6.08955223880597,0.96,6.164758427476847,sin_graph.png,-inf,0.0,-90.0
-6.059701492537314,-0.248,6.064774206733417,sin_graph.png,-40.46800000000049,inf,-88.58445879081
-6.059701492537314,0.14400000000000002,6.061412226425369,sin_graph.png,inf,inf,90.0
-6.059701492537314,0.544,6.084070855821696,sin_graph.png,inf,0.0,90.0
-6.059701492537314,0.616,6.090930813813184,sin_graph.png,inf,0.0,90.0
-6.059701492537314,-0.6799999999999999,6.097735823948012,sin_graph.png,-inf,-inf,-90.0
-6.059701492537314,-0.712,6.101387233954172,sin_graph.png,-inf,0.0,-90.0
-6.059701492537314,-0.6480000000000001,6.094250255663854,sin_graph.png,inf,inf,90.0
-6.059701492537314,-1.1360000000000001,6.165263836905842,sin_graph.png,-inf,-inf,-90.0
-6.059701492537314,-1.088,6.156600212670865,sin_graph.png,inf,inf,90.0
-6.059701492537314,-1.1280000000000001,6.163794787195543,sin_graph.png,-inf,-inf,-90.0
-6.059701492537314,-1.08,6.155191481884129,sin_graph.png,inf,inf,90.0
-6.059701492537314,-0.696,6.099540817033603,sin_graph.png,inf,0.0,90.0
-6.059701492537314,0.19199999999999995,6.062742463494466,sin_graph.png,inf,0.0,90.0
-6.059701492537314,-0.23199999999999998,6.064141009133853,sin_graph.png,-inf,-inf,-90.0
-6.059701492537314,-0.272,6.065803011857453,sin_graph.png,-inf,0.0,-90.0
-6.059701492537314,-0.28800000000000003,6.06654153358064,sin_graph.png,-inf,0.0,-90.0
-6.059701492537314,1.8479999999999999,6.335225819073772,sin_graph.png,inf,inf,90.0
-6.059701492537314,2.2960000000000003,6.480092451397507,sin_graph.png,inf,0.0,90.0
-6.059701492537314,0.128,6.061053223546131,sin_graph.png,-inf,-inf,-90.0
-6.059701492537314,0.16000000000000003,6.061813439776825,sin_graph.png,inf,inf,90.0
-6.059701492537314,2.224,6.454932856247146,sin_graph.png,inf,0.0,90.0
-6.059701492537314,1.8,6.32139084210579,sin_graph.png,-inf,-inf,-90.0
-6.059701492537314,2.2880000000000003,6.477262244085764,sin_graph.png,inf,inf,90.0
-6.059701492537314,2.232,6.457693564939339,sin_graph.png,-inf,-inf,-90.0
-6.059701492537314,0.96,6.135273602591733,sin_graph.png,-inf,0.0,-90.0
-6.059701492537314,1.008,6.142967212891417,sin_graph.png,inf,inf,90.0
-6.059701492537314,1.384,6.215741160847911,sin_graph.png,inf,0.0,90.0
-6.059701492537314,1.456,6.232168015920218,sin_graph.png,inf,0.0,90.0
-6.029850746268656,1.832,6.302009522547285,sin_graph.png,12.59599999999978,-inf,85.46079249308254
-6.029850746268656,-1.12,6.132984593350669,sin_graph.png,-inf,-inf,-90.0
-6.029850746268656,2.2800000000000002,6.446510685811098,sin_graph.png,inf,inf,90.0
-6.029850746268656,1.032,6.117525972341816,sin_graph.png,-inf,-inf,-90.0
-6.029850746268656,-1.096,6.128647160856683,sin_graph.png,-inf,0.0,-90.0
-6.029850746268656,-0.264,6.035627226914919,sin_graph.png,inf,inf,90.0
-6.029850746268656,0.992,6.110905335731905,sin_graph.png,inf,0.0,90.0
-6.029850746268656,2.24,6.43247231026117,sin_graph.png,inf,0.0,90.0
-6.029850746268656,1.8719999999999999,6.313753560464383,sin_graph.png,-inf,-inf,-90.0
-6.029850746268656,0.976,6.108328414736446,sin_graph.png,-inf,0.0,-90.0
-6.029850746268656,-0.256,6.035282596720444,sin_graph.png,-inf,0.0,-90.0
-6.029850746268656,1.816,6.297376916008496,sin_graph.png,inf,inf,90.0
-6.0,1.832,6.273453913116761,sin_graph.png,0.5360000000000069,-inf,28.19130837379345
-6.0,0.992,6.0814524580892675,sin_graph.png,-inf,-inf,-90.0
-6.0,0.56,6.026076667285275,sin_graph.png,-inf,0.0,-90.0
-6.0,0.6,6.029925372672534,sin_graph.png,inf,inf,90.0
-6.0,1.44,6.170380863447572,sin_graph.png,inf,0.0,90.0
-6.0,1.4,6.161168720299745,sin_graph.png,-inf,-inf,-90.0
-6.0,0.976,6.078863051591145,sin_graph.png,-inf,0.0,-90.0
-6.0,1.816,6.268800204185806,sin_graph.png,inf,inf,90.0
-5.820895522388059,-1.104,5.924663761139306,sin_graph.png,-16.303333333333285,-inf,-86.49003755844485
-5.820895522388059,1.8399999999999999,6.104787030073806,sin_graph.png,inf,inf,90.0
-5.820895522388059,1.416,5.990649437461464,sin_graph.png,-inf,-inf,-90.0
-5.820895522388059,0.5760000000000001,5.849324805698291,sin_graph.png,-inf,0.0,-90.0
-5.820895522388059,2.2560000000000002,6.242784689748427,sin_graph.png,inf,inf,90.0
-5.820895522388059,1.0,5.906168358805678,sin_graph.png,-inf,-inf,-90.0
-5.820895522388059,0.16000000000000003,5.823094081547829,sin_graph.png,-inf,0.0,-90.0
-5.820895522388059,-0.264,5.826879154621053,sin_graph.png,-inf,0.0,-90.0
-5.820895522388059,-0.6799999999999999,5.860479902069229,sin_graph.png,-inf,0.0,-90.0
-5.701492537313433,-0.6799999999999999,5.741900134366738,sin_graph.png,0.0,inf,0.0
-5.701492537313433,-1.104,5.807394695820214,sin_graph.png,-inf,-inf,-90.0
-5.701492537313433,0.16000000000000003,5.703737121663371,sin_graph.png,inf,inf,90.0
-5.701492537313433,1.0,5.788524609349153,sin_graph.png,inf,0.0,90.0
-5.701492537313433,-0.264,5.707601348468616,sin_graph.png,-inf,-inf,-90.0
-5.701492537313433,1.416,5.874697707375313,sin_graph.png,inf,inf,90.0
-5.701492537313433,1.8399999999999999,5.991044746372769,sin_graph.png,inf,0.0,90.0
-5.701492537313433,2.2560000000000002,6.131602820881402,sin_graph.png,inf,0.0,90.0
-5.701492537313433,0.5760000000000001,5.730514213667108,sin_graph.png,-inf,-inf,-90.0
-5.671641791044776,-1.2720000000000002,5.812529966023882,sin_graph.png,-61.907999999998914,inf,-89.07458168413348
-5.671641791044776,0.992,5.7577412763969855,sin_graph.png,inf,inf,90.0
-5.671641791044776,-0.688,5.7132184104868236,sin_graph.png,-inf,-inf,-90.0
-5.671641791044776,-1.112,5.779624953742725,sin_graph.png,-inf,0.0,-90.0
-5.671641791044776,-1.096,5.776567891570703,sin_graph.png,inf,inf,90.0
-5.671641791044776,1.8479999999999999,5.965117317029531,sin_graph.png,inf,0.0,90.0
-5.671641791044776,2.2640000000000002,6.106817223883944,sin_graph.png,inf,0.0,90.0
-5.671641791044776,2.424,6.167924821682377,sin_graph.png,inf,0.0,90.0
-5.671641791044776,2.248,6.1009035892993415,sin_graph.png,-inf,-inf,-90.0
-5.671641791044776,-0.272,5.678160318793895,sin_graph.png,-inf,0.0,-90.0
-5.671641791044776,-0.6719999999999999,5.711313737304718,sin_graph.png,-inf,0.0,-90.0
-5.671641791044776,1.832,5.960179913888974,sin_graph.png,inf,inf,90.0
-5.671641791044776,1.424,5.847674461350049,sin_graph.png,-inf,-inf,-90.0
-5.671641791044776,1.408,5.8437988163458865,sin_graph.png,-inf,0.0,-90.0
-5.671641791044776,0.16799999999999993,5.674129413921187,sin_graph.png,-inf,0.0,-90.0
-5.671641791044776,1.008,5.7605194736174266,sin_graph.png,inf,inf,90.0
-5.671641791044776,0.5680000000000001,5.7000126847162,sin_graph.png,-inf,-inf,-90.0
-5.671641791044776,0.584,5.701629293976029,sin_graph.png,inf,inf,90.0
-5.671641791044776,-0.256,5.67741636714497,sin_graph.png,-inf,-inf,-90.0
-5.671641791044776,0.15200000000000002,5.673678225448248,sin_graph.png,inf,inf,90.0
-5.104477611940299,-1.424,5.299383708583455,sin_graph.png,-2.7787368421052663,-inf,-70.20742621962644
-5.104477611940299,-1.3679999999999999,5.284611214725236,sin_graph.png,inf,inf,90.0
-5.074626865671641,-1.432,5.272803981355308,sin_graph.png,-2.1439999999999637,-inf,-64.99481148180074
-5.074626865671641,-1.3599999999999999,5.253707055574795,sin_graph.png,inf,inf,90.0
-5.074626865671641,-1.2720000000000002,5.231617515242909,sin_graph.png,inf,0.0,90.0
-5.044776119402985,-1.3119999999999998,5.212591495110531,sin_graph.png,-1.3400000000000023,-inf,-53.267173335510684
-5.044776119402985,-1.2800000000000002,5.204629294666301,sin_graph.png,inf,inf,90.0
-5.014925373134329,-1.2720000000000002,5.173727911101094,sin_graph.png,0.26800000000000346,-inf,15.00271602076881
-4.955223880597015,-1.3599999999999999,5.138467058066923,sin_graph.png,-1.4739999999999895,-29.178499999999797,-55.84600917539394
-4.955223880597015,-1.432,5.157990665640927,sin_graph.png,-inf,-inf,-90.0
-4.955223880597015,-1.424,5.155775373970334,sin_graph.png,inf,inf,90.0
-4.955223880597015,-1.3679999999999999,5.140590209969955,sin_graph.png,inf,0.0,90.0
-4.925373134328358,-1.416,5.12487624361443,sin_graph.png,-1.6079999999999728,-inf,-58.12290985899584
-4.925373134328358,-1.376,5.11396876333475,sin_graph.png,inf,inf,90.0
-2.626865671641791,-1.3599999999999999,2.9580438226723547,sin_graph.png,0.006961038961038969,-inf,0.39883171163866526
-2.626865671641791,-1.3679999999999999,2.9617304497286847,sin_graph.png,-inf,-inf,-90.0
-2.626865671641791,-1.432,2.9918300848895276,sin_graph.png,-inf,0.0,-90.0
-2.626865671641791,-1.424,2.9880092464465497,sin_graph.png,inf,inf,90.0
-2.5970149253731343,-1.3679999999999999,2.935287127797011,sin_graph.png,1.8759999999999963,-inf,61.9401961363279
-2.5970149253731343,-1.424,2.961800554158032,sin_graph.png,-inf,-inf,-90.0
-2.5671641791044775,-1.432,2.939550292557888,sin_graph.png,-0.26799999999999946,inf,-15.002716020768597
-2.5671641791044775,-1.3599999999999999,2.905156092618289,sin_graph.png,inf,inf,90.0
-2.5373134328358207,-1.3599999999999999,2.8788121606747974,sin_graph.png,0.0,-inf,0.0
-2.5373134328358207,-1.2720000000000002,2.838299395139473,sin_graph.png,inf,inf,90.0
-2.5074626865671643,-1.2800000000000002,2.8152742538741444,sin_graph.png,-0.26800000000000346,-inf,-15.00271602076881
-2.5074626865671643,-1.3599999999999999,2.852537313432836,sin_graph.png,-inf,-inf,-90.0
-2.5074626865671643,-1.3119999999999998,2.8299669829393097,sin_graph.png,inf,inf,90.0
-2.4776119402985075,-1.392,2.841869970056641,sin_graph.png,-2.679999999999995,-inf,-69.53772847657775
-2.4776119402985075,-1.376,2.834067205750374,sin_graph.png,inf,inf,90.0
-2.4776119402985075,-1.384,2.837959993852932,sin_graph.png,-inf,-inf,-90.0
-2.4776119402985075,-1.2720000000000002,2.7850574368780503,sin_graph.png,inf,inf,90.0
-2.4477611940298507,-1.376,2.8080083445386057,sin_graph.png,-3.4839999999999782,-inf,-73.98512312114502
-2.4477611940298507,-1.432,2.83587003633778,sin_graph.png,-inf,-inf,-90.0
-1.044776119402985,2.496,2.7058405606529665,sin_graph.png,2.7997446808510635,inf,70.34452097669976
-1.044776119402985,2.552,2.7575824810284026,sin_graph.png,inf,inf,90.0
-1.044776119402985,2.576,2.7798081120240585,sin_graph.png,inf,0.0,90.0
-1.044776119402985,2.512,2.7206067594701664,sin_graph.png,-inf,-inf,-90.0
-1.0149253731343284,2.504,2.70186778230021,sin_graph.png,-0.26800000000000146,inf,-15.002716020768704
-1.0149253731343284,2.552,2.746411752274567,sin_graph.png,inf,inf,90.0
-1.0149253731343284,2.56,2.753847038786261,sin_graph.png,inf,0.0,90.0
-1.0149253731343284,2.576,2.768727056434393,sin_graph.png,inf,0.0,90.0
-0.9850746268656716,2.544,2.7280593872741377,sin_graph.png,-1.0719999999999978,-inf,-46.99017224975484
-0.9850746268656716,2.584,2.765398347525098,sin_graph.png,inf,inf,90.0
-0.9850746268656716,2.592,2.7728750459576323,sin_graph.png,inf,0.0,90.0
-0.9850746268656716,2.552,2.7355211606738745,sin_graph.png,-inf,-inf,-90.0
-0.9253731343283582,2.544,2.7070743317716066,sin_graph.png,-0.13400000000000023,inf,-7.632170072364182
-0.9253731343283582,2.552,2.7145937887162215,sin_graph.png,inf,inf,90.0
-0.8955223880597015,2.544,2.697016193410071,sin_graph.png,-0.26800000000000046,-inf,-15.00271602076865
-0.8955223880597015,2.504,2.6593187750843543,sin_graph.png,-inf,-inf,-90.0
-0.8955223880597015,2.536,2.6894713881200056,sin_graph.png,inf,inf,90.0
-0.8656716417910447,2.536,2.6796797180635603,sin_graph.png,0.0,-inf,0.0
-0.8656716417910447,2.544,2.6872520148659675,sin_graph.png,inf,inf,90.0
-0.8656716417910447,2.496,2.641856050469291,sin_graph.png,-inf,-inf,-90.0
-0.835820895522388,2.584,2.715815267906094,sin_graph.png,2.9480000000000053,inf,71.26239444982048
-0.835820895522388,2.52,2.6549946458311076,sin_graph.png,-inf,-inf,-90.0
-0.835820895522388,2.528,2.662589072574258,sin_graph.png,inf,inf,90.0
-0.835820895522388,2.592,2.723428091467048,sin_graph.png,inf,0.0,90.0
-0.8059701492537313,2.528,2.6533699104135633,sin_graph.png,-2.1440000000000037,-inf,-64.99481148180114
-0.8059701492537313,2.512,2.6381303761353574,sin_graph.png,-inf,-inf,-90.0
-0.7164179104477612,2.6,2.6968972213286766,sin_graph.png,0.9826666666666671,inf,44.49910816521228
-0.7164179104477612,2.592,2.689185494236189,sin_graph.png,-inf,-inf,-90.0
-0.7164179104477612,2.496,2.596780819093197,sin_graph.png,-inf,0.0,-90.0
-0.7164179104477612,2.568,2.6660605061420375,sin_graph.png,inf,inf,90.0
-0.6865671641791045,2.496,2.58870440006752,sin_graph.png,-2.4120000000000044,-inf,-67.48141195481172
-0.6865671641791045,2.6,2.6891215054230884,sin_graph.png,inf,inf,90.0
-0.6865671641791045,2.592,2.681387415299948,sin_graph.png,-inf,-inf,-90.0
-0.6865671641791045,2.568,2.65819458861253,sin_graph.png,-inf,0.0,-90.0
-0.5970149253731343,2.496,2.566406596998669,sin_graph.png,-0.8040000000000004,inf,-38.799281638562086
-0.5970149253731343,2.568,2.6364845573449296,sin_graph.png,inf,inf,90.0
-0.5671641791044776,2.544,2.6064556788979276,sin_graph.png,-0.8040000000000014,-inf,-38.79928163856212
-0.5671641791044776,2.504,2.5674289096407823,sin_graph.png,-inf,-inf,-90.0
-0.5671641791044776,2.568,2.6298857781392817,sin_graph.png,inf,inf,90.0
-0.5373134328358209,2.496,2.5531787491489535,sin_graph.png,-2.4120000000000044,-inf,-67.48141195481172
-0.5373134328358209,2.56,2.6157801369965736,sin_graph.png,inf,inf,90.0
-0.5074626865671642,2.568,2.6176597139922455,sin_graph.png,0.26800000000000046,-inf,15.00271602076865
-0.5074626865671642,2.56,2.6098119430828657,sin_graph.png,-inf,-inf,-90.0
-0.44776119402985076,2.56,2.5988632297370016,sin_graph.png,0.0,inf,0.0
-0.417910447761194,2.568,2.6017826854577923,sin_graph.png,0.26799999999999996,8.977999999999989,15.002716020768625
-0.417910447761194,2.496,2.5307439898867607,sin_graph.png,-inf,-inf,-90.0
-0.417910447761194,2.504,2.5386345034974926,sin_graph.png,inf,inf,90.0
-0.3880597014925373,2.52,2.549703969468314,sin_graph.png,0.5360000000000009,-inf,28.191308373793184
-0.3880597014925373,2.544,2.5734269626166735,sin_graph.png,inf,inf,90.0
-0.3880597014925373,2.512,2.5417974608379947,sin_graph.png,-inf,-inf,-90.0
-0.3880597014925373,2.56,2.589245127816692,sin_graph.png,inf,inf,90.0
-0.3582089552238806,2.496,2.5215728535187285,sin_graph.png,-2.1439999999999997,-inf,-64.99481148180111
-0.3582089552238806,2.512,2.5374116054756635,sin_graph.png,inf,inf,90.0
-0.11940298507462686,2.496,2.498854352067109,sin_graph.png,-0.06700000000000007,-inf,-3.83308849905768
-0.11940298507462686,2.592,2.59474874946395,sin_graph.png,inf,inf,90.0
-0.08955223880597014,2.56,2.5615658499197638,sin_graph.png,-1.072000000000001,-inf,-46.99017224975492
-0.08955223880597014,2.576,2.5775561300338663,sin_graph.png,inf,inf,90.0
-0.08955223880597014,2.496,2.49760597442334,sin_graph.png,-inf,-inf,-90.0
-0.08955223880597014,-1.408,1.410844996261163,sin_graph.png,-inf,0.0,-90.0
-0.08955223880597014,2.544,2.545575691955586,sin_graph.png,inf,inf,90.0
-0.05970149253731343,-1.392,1.3932796805419876,sin_graph.png,-131.85600000000002,-inf,-89.56547535912557
-0.05970149253731343,2.584,2.5846895883666927,sin_graph.png,inf,inf,90.0
-0.05970149253731343,2.552,2.5526982328922436,sin_graph.png,-inf,-inf,-90.0
-0.05970149253731343,-1.4,1.401272374740608,sin_graph.png,-inf,0.0,-90.0
-0.029850746268656716,-1.2720000000000002,1.272350213994872,sin_graph.png,4.287999999999989,inf,76.8727362638481
0.0,2.552,2.552,sin_graph.png,128.104,4147.836000000001,89.55274920563023
0.0,-1.2800000000000002,1.2800000000000002,sin_graph.png,-inf,-inf,-90.0
0.0,-1.3119999999999998,1.3119999999999998,sin_graph.png,-inf,0.0,-90.0
0.029850746268656716,-1.2720000000000002,1.272350213994872,sin_graph.png,1.3399999999999863,inf,53.26717333551036
0.029850746268656716,-1.3599999999999999,1.3603275587345849,sin_graph.png,-inf,-inf,-90.0
0.029850746268656716,-1.3679999999999999,1.368325643643645,sin_graph.png,-inf,0.0,-90.0
0.029850746268656716,-1.408,1.4083163945125383,sin_graph.png,-inf,0.0,-90.0
0.029850746268656716,2.544,2.5441751250754723,sin_graph.png,inf,inf,90.0
0.05970149253731343,2.552,2.5526982328922436,sin_graph.png,0.26800000000000024,-inf,15.002716020768638
0.05970149253731343,2.584,2.5846895883666927,sin_graph.png,inf,inf,90.0
0.05970149253731343,-1.416,1.4172580104593457,sin_graph.png,-inf,-inf,-90.0
0.05970149253731343,-1.432,1.4332439667450838,sin_graph.png,-inf,0.0,-90.0
0.08955223880597014,-1.416,1.418828954974898,sin_graph.png,0.5360000000000006,inf,28.191308373793166
0.08955223880597014,2.592,2.5935465300385805,sin_graph.png,inf,inf,90.0
0.08955223880597014,-1.4,1.4028612203190882,sin_graph.png,-inf,-inf,-90.0
0.08955223880597014,-1.432,1.4347974085128399,sin_graph.png,-inf,0.0,-90.0
0.08955223880597014,-1.3599999999999999,1.3629451945970392,sin_graph.png,inf,inf,90.0
0.11940298507462686,-1.408,1.4130538110223303,sin_graph.png,-1.6080000000000012,-inf,-58.122909858996294
0.14925373134328357,2.568,2.5723337023644297,sin_graph.png,133.19600000000005,4515.934000000004,89.56984666929075
0.14925373134328357,2.504,2.5084442741109267,sin_graph.png,-inf,-inf,-90.0
0.1791044776119403,2.512,2.5183769403924914,sin_graph.png,0.26800000000000024,inf,15.002716020768638
0.1791044776119403,2.568,2.5742382201149616,sin_graph.png,inf,inf,90.0
0.1791044776119403,2.496,2.50241771371221,sin_graph.png,-inf,-inf,-90.0
0.208955223880597,2.504,2.5127033819348816,sin_graph.png,0.26800000000000024,inf,15.002716020768638
0.26865671641791045,2.504,2.518370987618078,sin_graph.png,0.0,-4.489000000000003,0.0
0.26865671641791045,2.496,2.5104167843759435,sin_graph.png,-inf,-inf,-90.0
0.29850746268656714,2.504,2.5217301015928673,sin_graph.png,0.26800000000000046,inf,15.00271602076865
0.3283582089552239,2.52,2.5413026410461788,sin_graph.png,0.5359999999999999,8.977999999999973,28.191308373793138
0.3283582089552239,2.568,2.588907706618427,sin_graph.png,inf,inf,90.0
0.3283582089552239,2.496,2.517505732543281,sin_graph.png,-inf,-inf,-90.0
0.3582089552238806,2.568,2.59286283007848,sin_graph.png,2.4120000000000044,inf,67.48141195481172
0.3582089552238806,2.496,2.5215728535187285,sin_graph.png,-inf,-inf,-90.0
0.44776119402985076,2.568,2.6067439626628155,sin_graph.png,0.8040000000000004,inf,38.799281638562086
0.44776119402985076,2.496,2.5358442552489375,sin_graph.png,-inf,-inf,-90.0
0.47761194029850745,2.568,2.6120369762918183,sin_graph.png,2.4120000000000044,inf,67.48141195481172
0.47761194029850745,2.544,2.5884453182394456,sin_graph.png,-inf,-inf,-90.0
0.47761194029850745,2.496,2.541284943786451,sin_graph.png,-inf,0.0,-90.0
0.5074626865671642,2.56,2.6098119430828657,sin_graph.png,2.1439999999999997,inf,64.99481148180111
0.5373134328358209,2.568,2.6236100558401994,sin_graph.png,0.26800000000000046,-62.846000000000025,15.00271602076865
0.5373134328358209,2.56,2.6157801369965736,sin_graph.png,-inf,-inf,-90.0
0.5970149253731343,2.56,2.6286929872311617,sin_graph.png,0.0,inf,0.0
0.6268656716417911,2.568,2.6434039740990998,sin_graph.png,0.26799999999999946,8.977999999999955,15.002716020768597
0.6268656716417911,2.496,2.573514439493766,sin_graph.png,-inf,-inf,-90.0
0.6268656716417911,2.552,2.627863118635161,sin_graph.png,inf,inf,90.0
0.6567164179104478,-1.584,1.714739762632549,sin_graph.png,-138.55600000000013,-inf,-89.58648644078941
0.6567164179104478,2.496,2.580947975754864,sin_graph.png,inf,inf,90.0
0.6567164179104478,2.56,2.642891684037227,sin_graph.png,inf,0.0,90.0
0.6865671641791045,-1.512,1.66057775214801,sin_graph.png,-136.41200000000012,-inf,-89.57998744102844
0.7164179104477612,-1.512,1.6731403474934003,sin_graph.png,0.0,4569.802000000008,0.0
0.7164179104477612,-1.528,1.6876132917260211,sin_graph.png,-inf,-inf,-90.0
0.7164179104477612,-1.52,1.6803733580399138,sin_graph.png,inf,inf,90.0
0.7164179104477612,-1.576,1.7311934098795365,sin_graph.png,-inf,-inf,-90.0
0.7164179104477612,-1.584,1.738479399478273,sin_graph.png,-inf,0.0,-90.0
0.7462686567164178,2.52,2.6281774879176876,sin_graph.png,137.48400000000012,inf,89.58326227679953
0.7462686567164178,2.544,2.651198390916328,sin_graph.png,inf,inf,90.0
0.7462686567164178,-1.56,1.7293111079263115,sin_graph.png,-inf,-inf,-90.0
0.7462686567164178,-1.552,1.7220978218432677,sin_graph.png,inf,inf,90.0
0.7462686567164178,-1.52,1.6933153598775765,sin_graph.png,inf,0.0,90.0
0.7462686567164178,-1.568,1.7365312862132163,sin_graph.png,-inf,-inf,-90.0
0.7462686567164178,-1.528,1.700500193471711,sin_graph.png,inf,inf,90.0
0.7761194029850746,2.56,2.6750628642500924,sin_graph.png,136.9479999999996,-inf,89.58163126725285
0.7761194029850746,-1.552,1.73524215246458,sin_graph.png,-inf,-inf,-90.0
0.7761194029850746,-1.536,1.7209466370837618,sin_graph.png,inf,inf,90.0
0.7761194029850746,2.512,2.6291643782178986,sin_graph.png,inf,0.0,90.0
0.7761194029850746,2.544,2.65975512551248,sin_graph.png,inf,0.0,90.0
0.7761194029850746,2.52,2.636808928930936,sin_graph.png,-inf,-inf,-90.0
0.7761194029850746,2.504,2.621521948733199,sin_graph.png,-inf,0.0,-90.0
0.7761194029850746,2.552,2.6674079792356302,sin_graph.png,inf,inf,90.0
0.7761194029850746,-1.544,1.7280906595690833,sin_graph.png,-inf,-inf,-90.0
0.8059701492537313,2.496,2.6228998992504615,sin_graph.png,135.34000000000012,inf,89.57666072948086
0.8059701492537313,2.568,2.691507362332134,sin_graph.png,inf,inf,90.0
0.8059701492537313,-1.544,1.7417014329350717,sin_graph.png,-inf,-inf,-90.0
0.8059701492537313,-1.552,1.7487972671204866,sin_graph.png,-inf,0.0,-90.0
0.8059701492537313,-1.536,1.7346134674584082,sin_graph.png,inf,inf,90.0
0.835820895522388,-1.576,1.7839205614017253,sin_graph.png,-1.3400000000000023,-inf,-53.267173335510684
0.835820895522388,2.56,2.6929902653726483,sin_graph.png,inf,inf,90.0
0.835820895522388,2.504,2.6398129800029104,sin_graph.png,-inf,-inf,-90.0
0.835820895522388,-1.568,1.7768569355442905,sin_graph.png,-inf,0.0,-90.0
0.835820895522388,-1.528,1.7416602910418113,sin_graph.png,inf,inf,90.0
0.835820895522388,-1.536,1.7486830957585902,sin_graph.png,-inf,-inf,-90.0
0.835820895522388,-1.52,1.7346459492910495,sin_graph.png,inf,inf,90.0
0.8656716417910447,-1.576,1.7980999392139478,sin_graph.png,-1.8760000000000032,-inf,-61.94019613632799
0.8656716417910447,-1.512,1.7422776447516057,sin_graph.png,inf,inf,90.0
0.8656716417910447,-1.568,1.7910922341971123,sin_graph.png,-inf,-inf,-90.0
0.8656716417910447,-1.584,1.805115894174444,sin_graph.png,-inf,0.0,-90.0
0.8955223880597015,-1.512,1.7573003008922952,sin_graph.png,2.411999999999995,inf,67.48141195481165
0.8955223880597015,-1.552,1.791832678437401,sin_graph.png,-inf,-inf,-90.0
0.8955223880597015,-1.584,1.8196198359866687,sin_graph.png,-inf,0.0,-90.0
0.9552238805970149,2.568,2.739904498712103,sin_graph.png,69.54600000000006,inf,89.17620235130329
0.9552238805970149,2.56,2.732407850607742,sin_graph.png,-inf,-inf,-90.0
0.9552238805970149,2.504,2.680012810055732,sin_graph.png,-inf,0.0,-90.0
0.9552238805970149,2.496,2.6725397400343405,sin_graph.png,-inf,0.0,-90.0
0.9850746268656716,-1.552,1.838226324611456,sin_graph.png,-135.60800000000012,inf,-89.57749733799655
1.0149253731343284,2.568,2.7612854819869415,sin_graph.png,138.0199999999996,9166.537999999964,89.58488061897845
1.044776119402985,2.56,2.7649877286662163,sin_graph.png,-0.26800000000000146,-4632.648000000008,-15.002716020768704
1.044776119402985,2.504,2.7132219112477256,sin_graph.png,-inf,-inf,-90.0
1.044776119402985,-1.568,1.8841924370071017,sin_graph.png,-inf,0.0,-90.0
1.044776119402985,-1.576,1.8908551345025775,sin_graph.png,-inf,0.0,-90.0
1.044776119402985,2.576,2.7798081120240585,sin_graph.png,inf,inf,90.0
1.044776119402985,2.592,2.7946415046790456,sin_graph.png,inf,0.0,90.0
1.0746268656716418,-1.536,1.8745983304226153,sin_graph.png,-138.2879999999996,-inf,-89.58568508583146
1.0746268656716418,-1.528,1.868048955574574,sin_graph.png,inf,inf,90.0
1.0746268656716418,-1.552,1.887730621784596,sin_graph.png,-inf,-inf,-90.0
1.0746268656716418,-1.584,1.9141261453789449,sin_graph.png,-inf,0.0,-90.0
1.0746268656716418,-1.56,1.8943133057715815,sin_graph.png,inf,inf,90.0
1.0746268656716418,2.56,2.776404671589366,sin_graph.png,inf,0.0,90.0
1.0746268656716418,2.512,2.732209161177683,sin_graph.png,-inf,-inf,-90.0
1.0746268656716418,2.496,2.717506007430942,sin_graph.png,-inf,0.0,-90.0
1.0746268656716418,2.576,2.791164434500995,sin_graph.png,inf,inf,90.0
1.0746268656716418,2.592,2.805937793398716,sin_graph.png,inf,0.0,90.0
1.1044776119402986,2.568,2.795441788926635,sin_graph.png,-0.8039999999999984,-inf,-38.799281638562015
1.1044776119402986,-1.528,1.8853792178968518,sin_graph.png,-inf,-inf,-90.0
1.1044776119402986,2.504,2.7367657545499475,sin_graph.png,inf,inf,90.0
1.1343283582089552,2.56,2.8000537180984626,sin_graph.png,1.87600000000001,-inf,61.940196136328076
1.164179104477612,2.496,2.754147597225373,sin_graph.png,-2.1439999999999957,-134.66999999999982,-64.99481148180107
1.164179104477612,-1.552,1.940107467977559,sin_graph.png,-inf,-inf,-90.0
1.164179104477612,2.568,2.8195632618017803,sin_graph.png,inf,inf,90.0
1.164179104477612,2.504,2.7613998238759803,sin_graph.png,-inf,-inf,-90.0
1.164179104477612,-1.528,1.9209625158503991,sin_graph.png,-inf,0.0,-90.0
1.1940298507462686,-1.544,1.9518307520051927,sin_graph.png,-0.5360000000000029,inf,-28.191308373793273
1.1940298507462686,-1.536,1.9455084899514463,sin_graph.png,inf,inf,90.0
1.1940298507462686,-1.528,1.939198619139658,sin_graph.png,inf,0.0,90.0
1.2238805970149254,2.592,2.8664172263907446,sin_graph.png,138.0199999999996,-inf,89.58488061897845
1.2238805970149254,-1.584,2.0017341770948534,sin_graph.png,-inf,-inf,-90.0
1.2238805970149254,-1.536,1.9639703958434838,sin_graph.png,inf,inf,90.0
1.2238805970149254,2.496,2.779910019362067,sin_graph.png,inf,0.0,90.0
1.2238805970149254,2.568,2.8447333294615875,sin_graph.png,inf,0.0,90.0
1.2238805970149254,2.6,2.8736533743215467,sin_graph.png,inf,0.0,90.0
1.2537313432835822,2.56,2.850516142934759,sin_graph.png,-1.3399999999999974,-inf,-53.267173335510584
1.2537313432835822,2.504,2.800331816255291,sin_graph.png,-inf,-inf,-90.0
1.2835820895522387,2.6,2.899583242574576,sin_graph.png,3.2160000000000175,inf,72.72716530445507
1.2835820895522387,2.496,2.8067060730720077,sin_graph.png,-inf,-inf,-90.0
1.2835820895522387,2.568,2.870924412209296,sin_graph.png,inf,inf,90.0
1.2835820895522387,2.592,2.8924119659238188,sin_graph.png,inf,0.0,90.0
1.3134328358208955,-1.528,2.0149168256314005,sin_graph.png,-138.0199999999996,-inf,-89.58488061897845
1.3134328358208955,-1.576,2.0515559495691362,sin_graph.png,-inf,-inf,-90.0
1.3134328358208955,-1.584,2.0577079030349568,sin_graph.png,-inf,0.0,-90.0
1.3432835820895521,-1.544,2.0465450842606274,sin_graph.png,1.3400000000000072,inf,53.26717333551078
1.3432835820895521,-1.536,2.0405163027800928,sin_graph.png,inf,inf,90.0
1.3432835820895521,-1.584,2.0768887264153895,sin_graph.png,-inf,-inf,-90.0
1.3432835820895521,-1.576,2.0707937564884,sin_graph.png,inf,inf,90.0
1.3432835820895521,-1.528,2.034501113765077,sin_graph.png,inf,0.0,90.0
1.373134328358209,2.56,2.905012544502304,sin_graph.png,136.9479999999996,-inf,89.58163126725285
1.373134328358209,-1.552,2.072245613752325,sin_graph.png,-inf,-inf,-90.0
1.373134328358209,-1.56,2.07824394230219,sin_graph.png,-inf,0.0,-90.0
1.373134328358209,2.504,2.8557860360530776,sin_graph.png,inf,inf,90.0
1.4029850746268657,2.568,2.926258894839237,sin_graph.png,2.1439999999999957,-inf,64.99481148180107
1.4029850746268657,-1.544,2.08621741906872,sin_graph.png,-inf,-inf,-90.0
1.4029850746268657,2.496,2.8632818791774155,sin_graph.png,inf,inf,90.0
1.4029850746268657,-1.56,2.098086537687555,sin_graph.png,-inf,-inf,-90.0
1.4328358208955223,-1.568,2.1240627320400276,sin_graph.png,-0.26800000000000146,inf,-15.002716020768704
1.4328358208955223,-1.544,2.1064079589769276,sin_graph.png,inf,inf,90.0
1.4328358208955223,-1.576,2.129975232166174,sin_graph.png,-inf,-inf,-90.0
1.462686567164179,-1.584,2.156039886867247,sin_graph.png,-0.26799999999999946,inf,-15.002716020768597
1.462686567164179,-1.528,2.115238992114728,sin_graph.png,inf,inf,90.0
1.4925373134328357,-1.528,2.1359896142044574,sin_graph.png,0.0,-inf,0.0
1.4925373134328357,-1.584,2.176401532803473,sin_graph.png,-inf,-inf,-90.0
1.5223880597014925,2.496,2.923641805064648,sin_graph.png,136.6799999999996,inf,89.58081096564871
1.5223880597014925,2.568,2.985345776341775,sin_graph.png,inf,inf,90.0
1.5522388059701493,-1.584,2.217769444906218,sin_graph.png,-139.09199999999962,-inf,-89.58807988696657
1.5522388059701493,-1.528,2.1781251825273116,sin_graph.png,inf,inf,90.0
1.5522388059701493,-1.504,2.1613563590393037,sin_graph.png,inf,0.0,90.0
1.5820895522388059,2.512,2.9686952270826295,sin_graph.png,134.53600000000063,-inf,89.57413090642362
1.5820895522388059,-1.504,2.1828933440054246,sin_graph.png,-inf,-inf,-90.0
1.5820895522388059,2.552,3.0026174167388002,sin_graph.png,inf,inf,90.0
1.5820895522388059,-1.584,2.2387637998018426,sin_graph.png,-inf,-inf,-90.0
1.5820895522388059,-1.528,2.1994979771082277,sin_graph.png,inf,inf,90.0
1.5820895522388059,-1.536,2.2050631173059845,sin_graph.png,-inf,-inf,-90.0
1.5820895522388059,-1.576,2.2331106894426855,sin_graph.png,-inf,0.0,-90.0
1.671641791044776,-1.536,2.2701723012950774,sin_graph.png,0.4466666666666669,inf,24.068723301874865
1.671641791044776,-1.552,2.28102833773879,sin_graph.png,-inf,-inf,-90.0
1.671641791044776,-1.576,2.2974251407972766,sin_graph.png,-inf,0.0,-90.0
1.671641791044776,2.496,3.004064293181387,sin_graph.png,inf,inf,90.0
1.671641791044776,2.568,3.0641491930986957,sin_graph.png,inf,0.0,90.0
1.671641791044776,-1.584,2.3029203802058347,sin_graph.png,-inf,-inf,-90.0
1.7014925373134329,-1.552,2.302993889382537,sin_graph.png,1.0719999999999978,inf,46.99017224975484
1.7014925373134329,-1.528,2.286888902971306,sin_graph.png,inf,inf,90.0
1.7014925373134329,-1.544,2.2976102486133945,sin_graph.png,-inf,-inf,-90.0
1.7014925373134329,-1.536,2.2922418839497074,sin_graph.png,inf,inf,90.0
1.7014925373134329,-1.576,2.31923540300102,sin_graph.png,-inf,-inf,-90.0
1.7014925373134329,2.568,3.0805358064033768,sin_graph.png,inf,inf,90.0
1.7014925373134329,2.496,3.0207768627512532,sin_graph.png,-inf,-inf,-90.0
1.7014925373134329,2.544,3.0605576051649974,sin_graph.png,inf,inf,90.0
1.7313432835820894,-1.56,2.330482689402522,sin_graph.png,-137.48400000000063,-inf,-89.58326227679953
1.7313432835820894,-1.584,2.346615768634655,sin_graph.png,-inf,-inf,-90.0
1.7313432835820894,2.56,3.090493417822599,sin_graph.png,inf,inf,90.0
1.7313432835820894,-1.528,2.309184610550835,sin_graph.png,-inf,-inf,-90.0
1.7313432835820894,-1.552,2.3251351714695665,sin_graph.png,-inf,0.0,-90.0
1.7611940298507462,-1.56,2.352744017266203,sin_graph.png,-0.26799999999999946,inf,-15.002716020768597
1.7611940298507462,-1.552,2.3474472115005933,sin_graph.png,inf,inf,90.0
1.7611940298507462,2.568,3.113908863596029,sin_graph.png,inf,0.0,90.0
1.7611940298507462,-1.584,2.3687254823600625,sin_graph.png,-inf,-inf,-90.0
1.7611940298507462,2.56,3.107314662338192,sin_graph.png,inf,inf,90.0
1.7611940298507462,-1.528,2.3316492898336816,sin_graph.png,-inf,-inf,-90.0
1.791044776119403,-1.576,2.385711086880514,sin_graph.png,-1.6079999999999968,inf,-58.122909858996216
1.791044776119403,-1.568,2.380433865929613,sin_graph.png,inf,inf,90.0
1.791044776119403,-1.584,2.3910034274472722,sin_graph.png,-inf,-inf,-90.0
1.791044776119403,-1.536,2.359478202922121,sin_graph.png,inf,inf,90.0
1.791044776119403,-1.56,2.3751718653740834,sin_graph.png,-inf,-inf,-90.0
1.8208955223880596,-1.576,2.4082019233139245,sin_graph.png,-0.5360000000000029,inf,-28.191308373793273
1.8208955223880596,-1.56,2.3977615610091183,sin_graph.png,inf,inf,90.0
1.8208955223880596,-1.536,2.3822167205048506,sin_graph.png,inf,0.0,90.0
1.8208955223880596,-1.528,2.3770663649660446,sin_graph.png,inf,0.0,90.0
1.8208955223880596,2.56,3.1415379201042417,sin_graph.png,inf,0.0,90.0
1.8507462686567164,2.496,3.1072942813558484,sin_graph.png,-2.1439999999999957,-inf,-64.99481148180107
1.8507462686567164,2.568,3.165420311893313,sin_graph.png,inf,inf,90.0
1.8507462686567164,2.552,3.1524539252694495,sin_graph.png,-inf,-inf,-90.0
1.880597014925373,2.496,3.1251657768102836,sin_graph.png,-1.87600000000001,inf,-61.940196136328076
1.880597014925373,2.56,3.176514620231776,sin_graph.png,inf,inf,90.0
2.1194029850746268,2.528,3.298886632356929,sin_graph.png,-0.13400000000000012,-inf,-7.632170072364175
2.1194029850746268,2.552,3.317314126389486,sin_graph.png,inf,inf,90.0
2.1492537313432836,2.576,3.3548573146548315,sin_graph.png,0.8039999999999984,-inf,38.799281638562015
2.1492537313432836,2.56,3.3425875608116877,sin_graph.png,-inf,-inf,-90.0
2.1492537313432836,2.512,3.3059696915871792,sin_graph.png,-inf,0.0,-90.0
2.1492537313432836,2.52,3.3120524756852854,sin_graph.png,inf,inf,90.0
2.1492537313432836,2.536,3.324242410188076,sin_graph.png,inf,0.0,90.0
2.1492537313432836,2.552,3.3364645362558596,sin_graph.png,inf,0.0,90.0
2.1791044776119404,2.52,3.331500611488524,sin_graph.png,-1.0719999999999978,-inf,-46.99017224975484
2.1791044776119404,2.528,3.3375560406303904,sin_graph.png,inf,inf,90.0
2.1791044776119404,2.56,3.3618590577756837,sin_graph.png,inf,0.0,90.0
2.1791044776119404,2.568,3.367954917208425,sin_graph.png,inf,0.0,90.0
2.208955223880597,2.592,3.405575895661317,sin_graph.png,0.8039999999999984,-inf,38.799281638562015
2.208955223880597,2.496,3.333091535063113,sin_graph.png,-inf,-inf,-90.0
2.2388059701492535,2.584,3.4189630258275594,sin_graph.png,2.948000000000038,inf,71.26239444982066
2.2388059701492535,2.504,3.35890877696551,sin_graph.png,-inf,-inf,-90.0
2.298507462686567,2.544,3.428567128703453,sin_graph.png,0.6699999999999987,inf,33.82208521749391
2.328358208955224,2.536,3.442752960816268,sin_graph.png,-0.26799999999999946,-31.42299999999985,-15.002716020768597
2.3582089552238807,2.544,3.468873805213748,sin_graph.png,0.26799999999999946,17.95599999999991,15.002716020768597
2.3582089552238807,2.504,3.439646126638336,sin_graph.png,-inf,-inf,-90.0
2.388059701492537,2.536,3.483407116300451,sin_graph.png,1.0720000000000138,inf,46.99017224975527
2.388059701492537,2.512,3.4659736204842395,sin_graph.png,-inf,-inf,-90.0
2.388059701492537,2.496,3.4543950465881323,sin_graph.png,-inf,0.0,-90.0
2.388059701492537,2.584,3.5185060946220665,sin_graph.png,inf,inf,90.0
2.388059701492537,2.592,3.52438549791203,sin_graph.png,inf,0.0,90.0
2.417910447761194,2.576,3.5329968770709006,sin_graph.png,-0.5359999999999989,-inf,-28.191308373793095
2.417910447761194,2.584,3.5388341206381426,sin_graph.png,inf,inf,90.0
2.417910447761194,2.504,3.4808485938622407,sin_graph.png,-inf,-inf,-90.0
2.417910447761194,2.544,3.509733171252871,sin_graph.png,inf,inf,90.0
2.417910447761194,-1.416,2.8020255054857612,sin_graph.png,-inf,-inf,-90.0
2.417910447761194,-1.376,2.7820256888448633,sin_graph.png,inf,inf,90.0
2.4477611940298507,-1.432,2.83587003633778,sin_graph.png,-1.8759999999999963,-inf,-61.9401961363279
2.4477611940298507,-1.424,2.8318387777199536,sin_graph.png,inf,inf,90.0
2.4477611940298507,-1.376,2.8080083445386057,sin_graph.png,inf,0.0,90.0
2.4776119402985075,-1.3599999999999999,2.826333477618969,sin_graph.png,0.5359999999999989,-inf,28.191308373793095
2.4776119402985075,-1.384,2.837959993852932,sin_graph.png,-inf,-inf,-90.0
2.5074626865671643,-1.3599999999999999,2.852537313432836,sin_graph.png,0.8039999999999984,inf,38.799281638562015
2.5074626865671643,-1.2720000000000002,2.811645981365119,sin_graph.png,inf,inf,90.0
2.5373134328358207,-1.3119999999999998,2.856449449307496,sin_graph.png,-1.3400000000000023,-inf,-53.267173335510684
2.5373134328358207,-1.2800000000000002,2.841893639186572,sin_graph.png,inf,inf,90.0
2.5373134328358207,2.568,3.6100669601060167,sin_graph.png,inf,0.0,90.0
2.5373134328358207,2.496,3.5592099483521755,sin_graph.png,-inf,-inf,-90.0
2.5373134328358207,-1.3599999999999999,2.8788121606747974,sin_graph.png,-inf,0.0,-90.0
2.5671641791044775,-1.3679999999999999,2.908909748080398,sin_graph.png,-0.26799999999999946,inf,-15.002716020768597
2.5671641791044775,-1.432,2.939550292557888,sin_graph.png,-inf,-inf,-90.0
2.5671641791044775,-1.384,2.9164683990191227,sin_graph.png,inf,inf,90.0
2.5671641791044775,2.496,3.580551343365595,sin_graph.png,inf,0.0,90.0
2.5671641791044775,2.552,3.61981158659911,sin_graph.png,inf,0.0,90.0
2.5671641791044775,-1.2720000000000002,2.8650158677531206,sin_graph.png,-inf,-inf,-90.0
2.5970149253731343,-1.424,2.961800554158032,sin_graph.png,-5.091999999999975,inf,-78.88928107374458
2.5970149253731343,-1.392,2.9465489173965578,sin_graph.png,inf,inf,90.0
2.5970149253731343,-1.3599999999999999,2.931567246817106,sin_graph.png,inf,0.0,90.0
2.5970149253731343,2.56,3.646654154510793,sin_graph.png,inf,0.0,90.0
2.656716417910448,2.56,3.689409454803698,sin_graph.png,0.0,-inf,0.0
2.6865671641791042,2.568,3.716485857318087,sin_graph.png,0.26800000000000346,8.978000000000224,15.00271602076881
2.716417910447761,2.52,3.7053105489555636,sin_graph.png,-1.6079999999999968,-62.84599999999983,-58.122909858996216
2.716417910447761,2.504,3.6944474910602505,sin_graph.png,-inf,-inf,-90.0
2.746268656716418,2.496,3.711065552487991,sin_graph.png,-0.26799999999999946,inf,-15.002716020768597
2.746268656716418,2.56,3.7544096120246384,sin_graph.png,inf,inf,90.0
2.746268656716418,2.568,3.7598690848037513,sin_graph.png,inf,0.0,90.0
2.746268656716418,2.528,3.732663329964678,sin_graph.png,-inf,-inf,-90.0
2.746268656716418,2.536,3.738086079113615,sin_graph.png,inf,inf,90.0
2.8656716417910446,2.56,3.8426129077185727,sin_graph.png,0.20100000000000035,-inf,11.365013960140361
2.8656716417910446,2.536,3.826665644992437,sin_graph.png,-inf,-inf,-90.0
2.8955223880597014,2.568,3.8702291792289194,sin_graph.png,1.0719999999999978,inf,46.99017224975484
2.8955223880597014,2.552,3.859631316557963,sin_graph.png,-inf,-inf,-90.0
2.8955223880597014,2.544,3.854346364788063,sin_graph.png,-inf,0.0,-90.0
2.8955223880597014,2.56,3.86492560080462,sin_graph.png,inf,inf,90.0
2.925373134328358,2.496,3.845493983228959,sin_graph.png,-2.1439999999999957,-inf,-64.99481148180107
2.925373134328358,2.552,3.882075730205443,sin_graph.png,inf,inf,90.0
3.044776119402985,2.568,3.9831251069087323,sin_graph.png,0.13400000000000023,-inf,7.632170072364182
3.044776119402985,2.464,3.9168811083930923,sin_graph.png,-inf,-inf,-90.0
3.074626865671642,2.464,3.9401302469727857,sin_graph.png,0.0,inf,0.0
3.074626865671642,2.496,3.9602204942540538,sin_graph.png,inf,inf,90.0
3.1044776119402986,2.504,3.9884580031684598,sin_graph.png,0.26799999999999946,-inf,15.002716020768597
3.134328358208955,2.496,4.0067480900442,sin_graph.png,-0.26800000000000346,-17.956000000000312,-15.00271602076881
3.1940298507462686,2.496,4.053620935343885,sin_graph.png,0.0,4.489000000000045,0.0
3.1940298507462686,2.568,4.098347311717033,sin_graph.png,inf,inf,90.0
3.253731343283582,2.552,4.135150741419952,sin_graph.png,-0.26799999999999946,-inf,-15.002716020768597
3.253731343283582,2.512,4.110585317721307,sin_graph.png,-inf,-inf,-90.0
3.343283582089552,2.6,4.235273912071042,sin_graph.png,0.9826666666666696,inf,44.49910816521234
3.343283582089552,2.496,4.17223694320799,sin_graph.png,-inf,-inf,-90.0
3.373134328358209,2.6,4.258877222596184,sin_graph.png,3.483999999999993,inf,73.98512312114508
3.373134328358209,2.544,4.2249226261730035,sin_graph.png,-inf,-inf,-90.0
3.373134328358209,2.496,4.19619484737644,sin_graph.png,-inf,0.0,-90.0
3.373134328358209,2.568,4.239417318116794,sin_graph.png,inf,inf,90.0
3.4029850746268657,2.56,4.258392586191792,sin_graph.png,-0.26799999999999946,-inf,-15.002716020768597
3.4328358208955225,2.56,4.282284644115036,sin_graph.png,0.0,8.977999999999955,0.0
3.4328358208955225,2.568,4.287071934691957,sin_graph.png,inf,inf,90.0
3.4925373134328357,2.56,4.330290623701907,sin_graph.png,-0.13400000000000073,-inf,-7.632170072364211
3.5223880597014925,2.568,4.359110189376685,sin_graph.png,0.26799999999999946,13.466999999999967,15.002716020768597
3.5223880597014925,2.552,4.34970362704491,sin_graph.png,-inf,-inf,-90.0
3.5223880597014925,2.496,4.317086244578355,sin_graph.png,-inf,0.0,-90.0
3.5522388059701493,2.56,4.378584307129444,sin_graph.png,2.1439999999999957,inf,64.99481148180107
3.5522388059701493,2.496,4.341476308197504,sin_graph.png,-inf,-inf,-90.0
4.955223880597015,-1.384,5.144871204105982,sin_graph.png,-2.765531914893617,inf,-70.12030895764417
4.955223880597015,-1.4,5.1491983557481005,sin_graph.png,-inf,-inf,-90.0
4.955223880597015,-1.424,5.155775373970334,sin_graph.png,-inf,0.0,-90.0
4.955223880597015,-1.3679999999999999,5.140590209969955,sin_graph.png,inf,inf,90.0
4.985074626865671,-1.432,5.186674564248263,sin_graph.png,-2.1440000000000277,-inf,-64.99481148180138
4.985074626865671,-1.392,5.175773665397272,sin_graph.png,inf,inf,90.0
4.985074626865671,-1.3599999999999999,5.167259335026635,sin_graph.png,inf,0.0,90.0
5.014925373134329,-1.2720000000000002,5.173727911101094,sin_graph.png,2.9479999999999356,-inf,71.26239444982006
5.044776119402985,-1.2800000000000002,5.204629294666301,sin_graph.png,-0.26800000000000346,-107.73599999999925,-15.00271602076881
5.044776119402985,-1.3119999999999998,5.212591495110531,sin_graph.png,-inf,-inf,-90.0
5.074626865671641,-1.2720000000000002,5.231617515242909,sin_graph.png,1.3400000000000023,inf,53.267173335510684
5.104477611940299,-1.3599999999999999,5.282545947817182,sin_graph.png,-2.9479999999999356,-143.64799999999536,-71.26239444982006
5.104477611940299,-1.432,5.301538992669934,sin_graph.png,-inf,-inf,-90.0
5.104477611940299,-1.392,5.2908747566730145,sin_graph.png,inf,inf,90.0
5.134328358208955,-1.424,5.328142611633876,sin_graph.png,-1.0720000000000138,-inf,-46.99017224975527
5.134328358208955,-1.4,5.321778620903792,sin_graph.png,inf,inf,90.0
5.134328358208955,-1.384,5.31759190704859,sin_graph.png,inf,0.0,90.0
5.134328358208955,-1.3679999999999999,5.3134500740958,sin_graph.png,inf,0.0,90.0
7.3731343283582085,-1.3599999999999999,7.497513576114034,sin_graph.png,0.0035733333333333368,-inf,0.20473604739123374
7.3731343283582085,-1.432,7.510907656469639,sin_graph.png,-inf,-inf,-90.0
7.3731343283582085,-1.3679999999999999,7.49896885071636,sin_graph.png,inf,inf,90.0
7.432835820895522,-1.3679999999999999,7.557676385000062,sin_graph.png,0.0,-inf,0.0
7.432835820895522,-1.432,7.569522596596671,sin_graph.png,-inf,-inf,-90.0
7.462686567164179,-1.424,7.5973328740902675,sin_graph.png,0.26799999999999546,inf,15.002716020768384
7.462686567164179,-1.408,7.59435018943245,sin_graph.png,inf,inf,90.0
7.462686567164179,-1.416,7.595837465331435,sin_graph.png,-inf,-inf,-90.0
7.462686567164179,-1.376,7.588482509680883,sin_graph.png,inf,inf,90.0
7.492537313432836,-1.4,7.622211975088553,sin_graph.png,-0.8040000000000104,-inf,-38.799281638562434
7.492537313432836,-1.3599999999999999,7.614966539203133,sin_graph.png,inf,inf,90.0
7.522388059701492,-1.432,7.657476485157469,sin_graph.png,-2.412000000000031,-inf,-67.48141195481193
7.552238805970149,-1.2720000000000002,7.6586092067947575,sin_graph.png,5.359999999999895,260.36199999999286,79.43198579099047
7.552238805970149,-1.432,7.686802650153146,sin_graph.png,-inf,-inf,-90.0
7.582089552238806,-1.2800000000000002,7.689374615543767,sin_graph.png,5.09200000000005,inf,78.88928107374473
7.582089552238806,-1.3119999999999998,7.694766141876493,sin_graph.png,-inf,-inf,-90.0
7.611940298507463,-1.3679999999999999,7.733890295837011,sin_graph.png,-1.8759999999999684,inf,-61.94019613632754
7.611940298507463,-1.424,7.743991936207184,sin_graph.png,-inf,-inf,-90.0
7.611940298507463,-1.2720000000000002,7.717487875471,sin_graph.png,inf,inf,90.0
7.641791044776119,-1.432,7.774805101867216,sin_graph.png,-5.3600000000000545,-inf,-79.43198579099078
7.641791044776119,-1.3599999999999999,7.761866423227115,sin_graph.png,inf,inf,90.0
7.731343283582089,-1.3599999999999999,7.850048978738278,sin_graph.png,0.0,-inf,0.0
7.731343283582089,-1.432,7.862842550158936,sin_graph.png,-inf,-inf,-90.0
7.791044776119403,-1.376,7.911621496475766,sin_graph.png,0.9379999999999982,inf,43.16763304046661
7.791044776119403,-1.416,7.918676322687866,sin_graph.png,-inf,-inf,-90.0
8.208955223880597,-1.2720000000000002,8.306920600780806,sin_graph.png,0.34457142857142753,inf,19.012487948088967
8.208955223880597,2.424,8.559364571489905,sin_graph.png,inf,inf,90.0
